Equation Name,Equation,Coefficient A,Coefficient B,Coefficient C,Coefficient D,Coefficient E,Coefficient F,Coefficient G,"T range, from","T range, to",Name,SMILES,Class,Subclass,Component_ID
KDB Correlation Equation,"ln(Pvp) = A*ln(T) + B/T + C + D*T^2 where Pvp in kPa, T in K",-4.215616,-7522.806,46.78064,-2.450859e-07,,,,291.67,519.15,DIMETHYL SULFOXIDE,CS(=O)C,Sulfur Derivatives,Sulfur Derivatives,1859
KDB Correlation Equation,"ln(Pvp) = A*ln(T) + B/T + C + D*T^2 where Pvp in kPa, T in K",-9.113968,-6263.383,74.99482,7.411446e-06,,,,250.0,556.35,CARBON TETRACHLORIDE,C(Cl)(Cl)(Cl)Cl,Halogenated Derivatives,Halogenated Derivatives,1508
KDB Correlation Equation,"ln(Pvp) = A*ln(T) + B/T + C + D*T^2 where Pvp in kPa, T in K",-11.04001,-10003.05,93.27452,4.319948e-06,,,,314.06,694.25,PHENOL,C1=CC=C(C=C1)O,Alcohols,Alcohols,861
KDB Correlation Equation,"ln(Pvp) = A*ln(T) + B/T + C + D*T^2 where Pvp in kPa, T in K",-13.51483,-8841.883,105.1541,1.086679e-05,,,,242.0,629.15,CYCLOHEXANONE,C1CCC(=O)CC1,Ketones,Ketones,1227
KDB Correlation Equation,"ln(Pvp) = A*ln(T) + B/T + C + D*T^2 where Pvp in kPa, T in K",-3.585384,-3616.628,38.04637,3.740553e-06,,,,142.35,410.2,"1-CHLORO-1,1-DIFLUOROETHANE",CC(F)(F)Cl,Halogenated Derivatives,Halogenated Derivatives,1565
KDB Correlation Equation,"ln(Pvp) = A*ln(T) + B/T + C + D*T^2 where Pvp in kPa, T in K",-9.306823,-7748.577,78.28555,5.026484e-06,,,,367.0,647.2,CYCLOOCTANE,C1CCCCCCC1,Naphtenic Hydrocarbons,Naphtenic Hydrocarbons,503
KDB Correlation Equation,"ln(Pvp) = A*ln(T) + B/T + C + D*T^2 where Pvp in kPa, T in K",-16.15977,-11878.03,129.1036,5.553658e-06,,,,296.6,625.15,CYCLOHEXANOL,C1CCC(CC1)O,Alcohols,Alcohols,899
KDB Correlation Equation,"ln(Pvp) = A*ln(T) + B/T + C + D*T^2 where Pvp in kPa, T in K",-10.34285,-8512.2,85.86653,5.709523e-06,,,,228.46,637.38,"1,3,5-TRIMETHYLBENZENE",CC1=CC(=CC(=C1)C)C,Aromatics,Aromatics,664
KDB Correlation Equation,"ln(Pvp) = A*ln(T) + B/T + C + D*T^2 where Pvp in kPa, T in K",-2.374836,-1238.032,26.64952,2.048824e-05,,,,90.67,190.58,METHANE,C,Paraffinic Hydrocarbons,Paraffinic Hydrocarbons,1
KDB Correlation Equation,"ln(Pvp) = A*ln(T) + B/T + C + D*T^2 where Pvp in kPa, T in K",-9.963304,-6233.865,80.0685,9.622396e-06,,,,193.15,537.0,"CIS-1,2-DICHLOROETHYLENE",C(=C\Cl)\Cl,Halogenated Derivatives,Halogenated Derivatives,1723
KDB Correlation Equation,"ln(Pvp) = A*ln(T) + B/T + C + D*T^2 where Pvp in kPa, T in K",-8.19767,-5726.953,68.60151,7.36912e-06,,,,119.55,497.5,2-METHYLPENTANE,CCCC(C)C,Paraffinic Hydrocarbons,Paraffinic Hydrocarbons,35
KDB Correlation Equation,"ln(Pvp) = A*ln(T) + B/T + C + D*T^2 where Pvp in kPa, T in K",-6.598355,-6616.412,60.44445,3.874184e-06,,,,183.63,593.0,NITROETHANE,CC[N+](=O)[O-],Other Nitrogen Derivatives,Other Nitrogen Derivatives,1425
KDB Correlation Equation,"ln(Pvp) = A*ln(T) + B/T + C + D*T^2 where Pvp in kPa, T in K",-6.549931,-5025.863,57.57674,6.600135e-06,,,,206.7,528.0,IODOMETHANE,CI,Halogenated Derivatives,Halogenated Derivatives,1532
KDB Correlation Equation,"ln(Pvp) = A*ln(T) + B/T + C + D*T^2 where Pvp in kPa, T in K",-9.608804,-6339.983,78.35769,8.183476e-06,,,,164.65,540.15,TETRAHYDROFURAN,C1CCOC1,Ethers,Ethers,1035
KDB Correlation Equation,"ln(Pvp) = A*ln(T) + B/T + C + D*T^2 where Pvp in kPa, T in K",-7.342973,-7276.391,67.02455,4.161914e-06,,,,274.15,647.0,WATER,O,Inorganics,Inorganics,1914
KDB Correlation Equation,"ln(Pvp) = A*ln(T) + B/T + C + D*T^2 where Pvp in kPa, T in K",-7.798528,-7029.721,68.22937,5.930999e-06,,,,289.81,592.71,ACETIC ACID,CC(=O)O,Acids,Acids,930
KDB Correlation Equation,"ln(Pvp) = A*ln(T) + B/T + C + D*T^2 where Pvp in kPa, T in K",-4.867874,-5477.728,48.62488,2.367095e-06,,,,180.35,524.0,VINYL ACETATE,CC(=O)OC=C,Esters,Esters,1167
KDB Correlation Equation,"ln(Pvp) = A*ln(T) + B/T + C + D*T^2 where Pvp in kPa, T in K",-4.817221,-4563.18,46.19124,4.829056e-06,,,,161.58,552.0,CARBON DISULFIDE,C(=S)=S,Sulfur Derivatives,Sulfur Derivatives,1812
KDB Correlation Equation,"ln(Pvp) = A*ln(T) + B/T + C + D*T^2 where Pvp in kPa, T in K",-8.474881,-4611.048,68.30691,1.219081e-05,,,,164.25,425.37,"1,3-BUTADIENE",C=CC=C,Unsaturated Hydrocarbons,Unsaturated Hydrocarbons,358
KDB Correlation Equation,"ln(Pvp) = A*ln(T) + B/T + C + D*T^2 where Pvp in kPa, T in K",-10.71766,-9246.516,89.22413,6.981903e-06,,,,193.0,639.0,TETRAHYDROFURFURYL ALCOHOL,C1CC(OC1)CO,Alcohols,Alcohols,898
KDB Correlation Equation,"ln(Pvp) = A*ln(T) + B/T + C + D*T^2 where Pvp in kPa, T in K",-7.279405,-9757.844,67.75577,1.747253e-06,,,,366.15,803.15,ACENAPHTHENE,C1CC2=CC=CC3=C2C1=CC=C3,Aromatics,Aromatics,766
KDB Correlation Equation,"ln(Pvp) = A*ln(T) + B/T + C + D*T^2 where Pvp in kPa, T in K",-17.28282,-12559.65,135.5478,7.98314e-06,,,,345.71,707.65,"2,4-XYLENOL",CC1=CC(=C(C=C1)O)C,Alcohols,Alcohols,875
KDB Correlation Equation,"ln(Pvp) = A*ln(T) + B/T + C + D*T^2 where Pvp in kPa, T in K",-9.79394,-6677.451,78.90439,1.143164e-05,,,,271.0,580.0,FORMIC ACID,C(=O)O,Acids,Acids,929
KDB Correlation Equation,"ln(Pvp) = A*ln(T) + B/T + C + D*T^2 where Pvp in kPa, T in K",-9.932979,-7047.29,81.04345,7.20904e-06,,,,160.89,563.5,"2,2,3-TRIMETHYLPENTANE",CCC(C)C(C)(C)C,Paraffinic Hydrocarbons,Paraffinic Hydrocarbons,59
KDB Correlation Equation,"ln(Pvp) = A*ln(T) + B/T + C + D*T^2 where Pvp in kPa, T in K",-9.527348,-7637.951,79.5572,5.748969e-06,,,,286.41,616.26,P-XYLENE,CC1=CC=C(C=C1)C,Aromatics,Aromatics,656
KDB Correlation Equation,"ln(Pvp) = A*ln(T) + B/T + C + D*T^2 where Pvp in kPa, T in K",-2.832164,-5520.465,35.16852,6.027471e-07,,,,282.94,650.15,"1,2-DIBROMOETHANE",C(CBr)Br,Halogenated Derivatives,Halogenated Derivatives,1571
KDB Correlation Equation,"ln(Pvp) = A*ln(T) + B/T + C + D*T^2 where Pvp in kPa, T in K",-12.4379,-6340.514,95.14704,1.412918e-05,,,,156.85,466.7,DIETHYL ETHER,CCOCC,Ethers,Ethers,1003
KDB Correlation Equation,"ln(Pvp) = A*ln(T) + B/T + C + D*T^2 where Pvp in kPa, T in K",-12.92584,-9015.147,102.8726,7.734682e-06,,,,267.0,623.75,"2,6-DIMETHYLPYRIDINE",CC1=NC(=CC=C1)C,Amines,Amines,1357
KDB Correlation Equation,"ln(Pvp) = A*ln(T) + B/T + C + D*T^2 where Pvp in kPa, T in K",-1.217248,-2830.646,24.91703,3.593065e-06,,,,153.15,186.15,HYDROGEN BROMIDE,Br,Inorganics,Inorganics,1904
KDB Correlation Equation,"ln(Pvp) = A*ln(T) + B/T + C + D*T^2 where Pvp in kPa, T in K",-9.151525,-7075.938,76.91763,5.901579e-06,,,,275.0,587.0,"1,4-DIOXANE",C1COCCO1,Ethers,Ethers,1047
KDB Correlation Equation,"ln(Pvp) = A*ln(T) + B/T + C + D*T^2 where Pvp in kPa, T in K",-7.840215,-9294.336,70.93371,2.382978e-06,,,,242.67,772.04,1-METHYLNAPHTHALENE,CC1=CC=CC2=CC=CC=C12,Aromatics,Aromatics,760
KDB Correlation Equation,"ln(Pvp) = A*ln(T) + B/T + C + D*T^2 where Pvp in kPa, T in K",-9.066855,-6020.314,74.3339,8.228353e-06,,,,133.39,504.03,1-HEXENE,CCCCC=C,Unsaturated Hydrocarbons,Unsaturated Hydrocarbons,196
KDB Correlation Equation,"ln(Pvp) = A*ln(T) + B/T + C + D*T^2 where Pvp in kPa, T in K",-8.208173,-9246.378,74.16901,2.460224e-06,,,,269.35,721.0,N-METHYLFORMAMIDE,CNC=O,Amides,Amides,1376
KDB Correlation Equation,"ln(Pvp) = A*ln(T) + B/T + C + D*T^2 where Pvp in kPa, T in K",-7.702226,-8002.693,71.71697,3.950448e-07,,,,146.95,536.71,N-PROPANOL,CCCO,Alcohols,Alcohols,819
KDB Correlation Equation,"ln(Pvp) = A*ln(T) + B/T + C + D*T^2 where Pvp in kPa, T in K",-13.99761,-7594.439,106.7436,1.322122e-05,,,,176.75,535.36,N-BUTYRALDEHYDE,CCCC=O,Aldehydes,Aldehydes,1234
KDB Correlation Equation,"ln(Pvp) = A*ln(T) + B/T + C + D*T^2 where Pvp in kPa, T in K",-7.768817,-8163.335,69.76469,2.620333e-06,,,,243.49,618.45,N-DECANE,CCCCCCCCCC,Paraffinic Hydrocarbons,Paraffinic Hydrocarbons,10
KDB Correlation Equation,"ln(Pvp) = A*ln(T) + B/T + C + D*T^2 where Pvp in kPa, T in K",-8.003416,-4676.679,65.51755,1.026867e-05,,,,256.58,433.78,NEOPENTANE,CC(C)(C)C,Paraffinic Hydrocarbons,Paraffinic Hydrocarbons,34
KDB Correlation Equation,"ln(Pvp) = A*ln(T) + B/T + C + D*T^2 where Pvp in kPa, T in K",-28.63269,-11691.38,201.8508,2.744869e-05,,,,181.15,553.0,METHYL ISOPROPYL KETONE,CC(C)C(=O)C,Ketones,Ketones,1195
KDB Correlation Equation,"ln(Pvp) = A*ln(T) + B/T + C + D*T^2 where Pvp in kPa, T in K",-6.215814,-4971.131,55.77116,5.435875e-06,,,,174.88,503.04,DIMETHYL SULFIDE,CSC,Sulfur Derivatives,Sulfur Derivatives,1814
KDB Correlation Equation,"ln(Pvp) = A*ln(T) + B/T + C + D*T^2 where Pvp in kPa, T in K",-12.72682,-8549.642,100.7801,1.18837e-05,,,,288.15,343.15,HYDRAZINE,NN,Inorganics,Inorganics,1924
KDB Correlation Equation,"ln(Pvp) = A*ln(T) + B/T + C + D*T^2 where Pvp in kPa, T in K",-7.37874,-6981.936,65.77825,3.380923e-06,,,,216.38,568.83,N-OCTANE,CCCCCCCC,Paraffinic Hydrocarbons,Paraffinic Hydrocarbons,8
KDB Correlation Equation,"ln(Pvp) = A*ln(T) + B/T + C + D*T^2 where Pvp in kPa, T in K",-8.162816,-6689.601,70.03289,5.650483e-06,,,,234.18,561.0,DIETHYL KETONE,CCC(=O)CC,Ketones,Ketones,1196
KDB Correlation Equation,"ln(Pvp) = A*ln(T) + B/T + C + D*T^2 where Pvp in kPa, T in K",-7.997641,-6304.138,68.60787,6.112501e-06,,,,196.32,536.0,METHYL ACRYLATE,COC(=O)C=C,Esters,Esters,1166
KDB Correlation Equation,"ln(Pvp) = A*ln(T) + B/T + C + D*T^2 where Pvp in kPa, T in K",-10.89678,-6842.8,86.69752,9.114353e-06,,,,169.67,560.4,CYCLOHEXENE,C1CCC=CC1,Naphtenic Hydrocarbons,Naphtenic Hydrocarbons,614
KDB Correlation Equation,"ln(Pvp) = A*ln(T) + B/T + C + D*T^2 where Pvp in kPa, T in K",-10.26575,-6535.589,82.51693,9.136057e-06,,,,285.0,508.44,METHYL N-BUTYL ETHER,CCCCOC,Ethers,Ethers,1005
KDB Correlation Equation,"ln(Pvp) = A*ln(T) + B/T + C + D*T^2 where Pvp in kPa, T in K",-15.75614,-8351.173,118.1906,1.480936e-05,,,,160.75,577.0,1-BROMOBUTANE,CCCCBr,Halogenated Derivatives,Halogenated Derivatives,1606
KDB Correlation Equation,"ln(Pvp) = A*ln(T) + B/T + C + D*T^2 where Pvp in kPa, T in K",-13.98384,-11200.45,112.7229,5.788573e-06,,,,263.57,658.2,N-DODECANE,CCCCCCCCCCCC,Paraffinic Hydrocarbons,Paraffinic Hydrocarbons,12
KDB Correlation Equation,"ln(Pvp) = A*ln(T) + B/T + C + D*T^2 where Pvp in kPa, T in K",-8.378313,-6028.226,69.95284,6.935999e-06,,,,248.57,531.17,"2,2,3-TRIMETHYLBUTANE",CC(C)C(C)(C)C,Paraffinic Hydrocarbons,Paraffinic Hydrocarbons,46
KDB Correlation Equation,"ln(Pvp) = A*ln(T) + B/T + C + D*T^2 where Pvp in kPa, T in K",-5.089412,-6606.453,53.1703,5.954048e-07,,,,159.05,516.25,ETHANOL,CCO,Alcohols,Alcohols,818
KDB Correlation Equation,"ln(Pvp) = A*ln(T) + B/T + C + D*T^2 where Pvp in kPa, T in K",-27.66174,-13992.45,203.4161,1.511472e-05,,,,188.0,574.0,3-METHYL-2-BUTANOL,CC(C)C(C)O,Alcohols,Alcohols,831
KDB Correlation Equation,"ln(Pvp) = A*ln(T) + B/T + C + D*T^2 where Pvp in kPa, T in K",-8.221099,-5659.814,68.86019,8.262597e-06,,,,193.15,503.8,N-PROPIONALDEHYDE,CCC=O,Aldehydes,Aldehydes,1233
KDB Correlation Equation,"ln(Pvp) = A*ln(T) + B/T + C + D*T^2 where Pvp in kPa, T in K",-10.08632,-6030.61,80.87786,9.812512e-06,,,,178.01,510.0,DICHLOROMETHANE,C(Cl)Cl,Halogenated Derivatives,Halogenated Derivatives,1526
KDB Correlation Equation,"ln(Pvp) = A*ln(T) + B/T + C + D*T^2 where Pvp in kPa, T in K",-17.15114,-12399.89,133.8203,7.849991e-06,,,,258.25,782.15,QUINOLINE,C1=CC=C2C(=C1)C=CC=N2,Amines,Amines,1362
KDB Correlation Equation,"ln(Pvp) = A*ln(T) + B/T + C + D*T^2 where Pvp in kPa, T in K",-7.858812,-5784.592,66.96925,7.104956e-06,,,,178.45,508.2,ACETONE,CC(=O)C,Ketones,Ketones,1191
KDB Correlation Equation,"ln(Pvp) = A*ln(T) + B/T + C + D*T^2 where Pvp in kPa, T in K",-8.139579,-6511.826,69.53024,6.114366e-06,,,,180.26,564.4,PROPIONITRILE,CCC#N,Nitriles,Nitriles,1387
KDB Correlation Equation,"ln(Pvp) = A*ln(T) + B/T + C + D*T^2 where Pvp in kPa, T in K",-4.033084,-4315.552,41.69212,3.085786e-06,,,,244.15,456.15,"1,1-DICHLORO-2,2,2-TRIFLUOROETHANE",C(C(F)(F)F)(Cl)Cl,Halogenated Derivatives,Halogenated Derivatives,1550
KDB Correlation Equation,"ln(Pvp) = A*ln(T) + B/T + C + D*T^2 where Pvp in kPa, T in K",-14.98587,-7080.295,111.463,1.679188e-05,,,,238.15,487.25,"1,1,2-TRICHLOROTRIFLUOROETHANE",C(C(F)(Cl)Cl)(F)(F)Cl,Halogenated Derivatives,Halogenated Derivatives,1539
KDB Correlation Equation,"ln(Pvp) = A*ln(T) + B/T + C + D*T^2 where Pvp in kPa, T in K",-7.558979,-6895.063,66.61051,4.550929e-06,,,,175.15,571.0,ETHYL N-BUTYRATE,CCCC(=O)OCC,Esters,Esters,1076
KDB Correlation Equation,"ln(Pvp) = A*ln(T) + B/T + C + D*T^2 where Pvp in kPa, T in K",-4.504804,-976.0456,36.32287,8.363507e-05,,,,54.15,125.72,NITROGEN,N#N,Inorganics,Inorganics,1930
KDB Correlation Equation,"ln(Pvp) = A*ln(T) + B/T + C + D*T^2 where Pvp in kPa, T in K",-9.416402,-7929.485,79.24399,5.044593e-06,,,,242.43,670.15,BROMOBENZENE,C1=CC=C(C=C1)Br,Halogenated Derivatives,Halogenated Derivatives,1683
KDB Correlation Equation,"ln(Pvp) = A*ln(T) + B/T + C + D*T^2 where Pvp in kPa, T in K",-9.553983,-7638.082,79.79371,5.65318e-06,,,,178.15,617.17,ETHYLBENZENE,CCC1=CC=CC=C1,Aromatics,Aromatics,653
KDB Correlation Equation,"ln(Pvp) = A*ln(T) + B/T + C + D*T^2 where Pvp in kPa, T in K",-8.792135,-6086.43,72.7581,7.402073e-06,,,,130.73,532.79,METHYLCYCLOPENTANE,CC1CCCC1,Naphtenic Hydrocarbons,Naphtenic Hydrocarbons,469
KDB Correlation Equation,"ln(Pvp) = A*ln(T) + B/T + C + D*T^2 where Pvp in kPa, T in K",-10.69162,-9042.052,91.09195,3.558382e-06,,,,204.15,547.0,3-PENTANOL,CCC(CC)O,Alcohols,Alcohols,827
KDB Correlation Equation,"ln(Pvp) = A*ln(T) + B/T + C + D*T^2 where Pvp in kPa, T in K",-12.25741,-7455.548,96.34663,1.030185e-05,,,,278.0,516.73,HEXAFLUOROBENZENE,C1(=C(C(=C(C(=C1F)F)F)F)F)F,Halogenated Derivatives,Halogenated Derivatives,1665
KDB Correlation Equation,"ln(Pvp) = A*ln(T) + B/T + C + D*T^2 where Pvp in kPa, T in K",-5.114422,-5219.584,49.85691,2.349476e-06,,,,223.35,496.6,DIETHYLAMINE,CCNCC,Amines,Amines,1266
KDB Correlation Equation,"ln(Pvp) = A*ln(T) + B/T + C + D*T^2 where Pvp in kPa, T in K",-17.4841,-12088.08,136.1836,8.517998e-06,,,,304.19,697.55,O-CRESOL,CC1=CC=CC=C1O,Alcohols,Alcohols,867
KDB Correlation Equation,"ln(Pvp) = A*ln(T) + B/T + C + D*T^2 where Pvp in kPa, T in K",-4.015855,-4885.526,42.15169,2.643906e-06,,,,333.0,527.15,2-METHYLFURAN,CC1=CC=CO1,Ethers,Ethers,1036
KDB Correlation Equation,"ln(Pvp) = A*ln(T) + B/T + C + D*T^2 where Pvp in kPa, T in K",-10.62327,-8702.163,91.34458,1.152096e-06,,,,293.0,506.2,TERT-BUTANOL,CC(C)(C)O,Alcohols,Alcohols,824
KDB Correlation Equation,"ln(Pvp) = A*ln(T) + B/T + C + D*T^2 where Pvp in kPa, T in K",-10.63274,-7889.536,86.66976,7.332436e-06,,,,255.45,615.0,CYCLOHEXYLAMINE,C1CCC(CC1)N,Amines,Amines,1326
KDB Correlation Equation,"ln(Pvp) = A*ln(T) + B/T + C + D*T^2 where Pvp in kPa, T in K",-10.20778,-7217.173,83.18124,8.369119e-06,,,,244.6,588.15,NITROMETHANE,C[N+](=O)[O-],Other Nitrogen Derivatives,Other Nitrogen Derivatives,1421
KDB Correlation Equation,"ln(Pvp) = A*ln(T) + B/T + C + D*T^2 where Pvp in kPa, T in K",-11.17108,-10795.17,94.04742,3.863098e-06,,,,342.0,789.26,BIPHENYL,C1=CC=C(C=C1)C2=CC=CC=C2,Aromatics,Aromatics,767
KDB Correlation Equation,"ln(Pvp) = A*ln(T) + B/T + C + D*T^2 where Pvp in kPa, T in K",-18.13973,-8248.368,132.4712,1.955067e-05,,,,145.65,500.23,ETHYL PROPYL ETHER,CCCOCC,Ethers,Ethers,1009
KDB Correlation Equation,"ln(Pvp) = A*ln(T) + B/T + C + D*T^2 where Pvp in kPa, T in K",-0.02974053,-6447.753,19.54188,1.866342e-08,,,,301.15,437.15,ISOHEPTANOL,CCCCC(C)CO,Alcohols,Alcohols,840
KDB Correlation Equation,"ln(Pvp) = A*ln(T) + B/T + C + D*T^2 where Pvp in kPa, T in K",-64.73179,-27286.83,451.3151,4.093953e-05,,,,265.15,701.0,METHYL SALICYLATE,COC(=O)C1=CC=CC=C1O,Esters,Esters,1141
KDB Correlation Equation,"ln(Pvp) = A*ln(T) + B/T + C + D*T^2 where Pvp in kPa, T in K",-38.63085,-22402.87,284.704,1.565156e-05,,,,296.95,721.0,1-DODECANOL,CCCCCCCCCCCCO,Alcohols,Alcohols,852
KDB Correlation Equation,"ln(Pvp) = A*ln(T) + B/T + C + D*T^2 where Pvp in kPa, T in K",-11.76148,-3964.433,84.64495,3.401767e-05,,,,105.15,340.15,BROMOTRIFLUOROMETHANE,C(F)(F)(F)Br,Halogenated Derivatives,Halogenated Derivatives,1502
KDB Correlation Equation,"ln(Pvp) = A*ln(T) + B/T + C + D*T^2 where Pvp in kPa, T in K",-23.70234,-11282.79,170.6065,2.12043e-05,,,,200.15,569.0,ACETIC ANHYDRIDE,CC(=O)OC(=O)C,Acids,Acids,989
KDB Correlation Equation,"ln(Pvp) = A*ln(T) + B/T + C + D*T^2 where Pvp in kPa, T in K",-6.3048,-6041.874,58.45341,2.903891e-06,,,,224.05,531.9,N-BUTYLAMINE,CCCCN,Amines,Amines,1262
KDB Correlation Equation,"ln(Pvp) = A*ln(T) + B/T + C + D*T^2 where Pvp in kPa, T in K",-8.862622,-5957.595,73.17005,8.181259e-06,,,,176.19,523.0,"1,1-DICHLOROETHANE",CC(Cl)Cl,Halogenated Derivatives,Halogenated Derivatives,1572
KDB Correlation Equation,"ln(Pvp) = A*ln(T) + B/T + C + D*T^2 where Pvp in kPa, T in K",-18.27131,-7241.251,130.8048,2.633634e-05,,,,150.15,461.0,ACETALDEHYDE,CC=O,Aldehydes,Aldehydes,1232
KDB Correlation Equation,"ln(Pvp) = A*ln(T) + B/T + C + D*T^2 where Pvp in kPa, T in K",-1.328557,-2255.405,23.68721,1.077727e-06,,,,182.15,309.15,NITROUS OXIDE,[N-]=[N+]=O,Inorganics,Inorganics,1931
KDB Correlation Equation,"ln(Pvp) = A*ln(T) + B/T + C + D*T^2 where Pvp in kPa, T in K",-10.34753,-4299.52,78.8243,2.22293e-05,,,,137.0,351.6,DIFLUOROMETHANE,C(F)F,Halogenated Derivatives,Halogenated Derivatives,1527
KDB Correlation Equation,"ln(Pvp) = A*ln(T) + B/T + C + D*T^2 where Pvp in kPa, T in K",-12.91508,-8969.893,102.4798,7.670896e-06,,,,177.14,631.15,CUMENE,CC(C)C1=CC=CC=C1,Aromatics,Aromatics,658
KDB Correlation Equation,"ln(Pvp) = A*ln(T) + B/T + C + D*T^2 where Pvp in kPa, T in K",-6.59117,-5935.02,59.41775,3.804206e-06,,,,160.0,534.0,METHYL TERT-PENTYL ETHER,CCC(C)(C)OC,Ethers,Ethers,1014
KDB Correlation Equation,"ln(Pvp) = A*ln(T) + B/T + C + D*T^2 where Pvp in kPa, T in K",-4.373781,-2659.873,41.09901,1.024118e-05,,,,92.15,302.0,CHLOROTRIFLUOROMETHANE,C(F)(F)(F)Cl,Halogenated Derivatives,Halogenated Derivatives,1505
KDB Correlation Equation,"ln(Pvp) = A*ln(T) + B/T + C + D*T^2 where Pvp in kPa, T in K",-7.982142,-4419.156,66.01227,1.354822e-05,,,,190.15,333.15,AMMONIA,N,Inorganics,Inorganics,1918
KDB Correlation Equation,"ln(Pvp) = A*ln(T) + B/T + C + D*T^2 where Pvp in kPa, T in K",-12.28371,-4768.454,90.7815,2.404932e-05,,,,115.73,369.3,CHLORODIFLUOROMETHANE,C(F)(F)Cl,Halogenated Derivatives,Halogenated Derivatives,1515
KDB Correlation Equation,"ln(Pvp) = A*ln(T) + B/T + C + D*T^2 where Pvp in kPa, T in K",-8.454618,-7173.024,72.37042,4.403511e-06,,,,161.84,609.15,ETHYLCYCLOHEXANE,CCC1CCCCC1,Naphtenic Hydrocarbons,Naphtenic Hydrocarbons,495
KDB Correlation Equation,"ln(Pvp) = A*ln(T) + B/T + C + D*T^2 where Pvp in kPa, T in K",-2.942201,-3288.643,34.40365,-1.059917e-06,,,,116.65,368.0,HEXAFLUOROPROPYLENE,C(=C(F)F)(C(F)(F)F)F,Halogenated Derivatives,Halogenated Derivatives,1733
KDB Correlation Equation,"ln(Pvp) = A*ln(T) + B/T + C + D*T^2 where Pvp in kPa, T in K",-21.25867,-16726.26,165.5099,1.10048e-05,,,,290.15,723.0,GLYCEROL,C(C(CO)O)O,Alcohols,Alcohols,912
KDB Correlation Equation,"ln(Pvp) = A*ln(T) + B/T + C + D*T^2 where Pvp in kPa, T in K",-6.533995,-5450.189,58.0053,5.898099e-06,,,,141.85,520.6,2-CHLOROBUTANE,CCC(C)Cl,Halogenated Derivatives,Halogenated Derivatives,1609
KDB Correlation Equation,"ln(Pvp) = A*ln(T) + B/T + C + D*T^2 where Pvp in kPa, T in K",-14.08748,-8214.273,108.9834,1.069913e-05,,,,215.31,568.55,PYRROLIDINE,C1CCNC1,Amines,Amines,1340
KDB Correlation Equation,"ln(Pvp) = A*ln(T) + B/T + C + D*T^2 where Pvp in kPa, T in K",-1.801297,-4854.469,28.63774,-1.171104e-06,,,,283.0,551.0,"1,1,2,2-TETRACHLORODIFLUOROETHANE",C(C(F)(Cl)Cl)(F)(Cl)Cl,Halogenated Derivatives,Halogenated Derivatives,1541
KDB Correlation Equation,"ln(Pvp) = A*ln(T) + B/T + C + D*T^2 where Pvp in kPa, T in K",-8.407245,-6340.227,70.83287,6.176603e-06,,,,160.0,537.35,"2,3-DIMETHYLPENTANE",CCC(C)C(C)C,Paraffinic Hydrocarbons,Paraffinic Hydrocarbons,43
KDB Correlation Equation,"ln(Pvp) = A*ln(T) + B/T + C + D*T^2 where Pvp in kPa, T in K",-4.898431,-2355.767,43.19906,1.641422e-05,,,,104.01,282.36,ETHYLENE,C=C,Unsaturated Hydrocarbons,Unsaturated Hydrocarbons,184
KDB Correlation Equation,"ln(Pvp) = A*ln(T) + B/T + C + D*T^2 where Pvp in kPa, T in K",-4.524423,-7146.22,47.93258,5.727794e-07,,,,234.15,686.0,BENZYL CHLORIDE,C1=CC=C(C=C1)CCl,Halogenated Derivatives,Halogenated Derivatives,1701
KDB Correlation Equation,"ln(Pvp) = A*ln(T) + B/T + C + D*T^2 where Pvp in kPa, T in K",-12.5836,-4849.719,92.2643,2.429599e-05,,,,115.15,384.95,DICHLORODIFLUOROMETHANE,C(F)(F)(Cl)Cl,Halogenated Derivatives,Halogenated Derivatives,1506
KDB Correlation Equation,"ln(Pvp) = A*ln(T) + B/T + C + D*T^2 where Pvp in kPa, T in K",-7.856147,-9696.822,73.80767,3.911826e-07,,,,239.15,651.0,N-VALERIC ACID,CCCCC(=O)O,Acids,Acids,934
KDB Correlation Equation,"ln(Pvp) = A*ln(T) + B/T + C + D*T^2 where Pvp in kPa, T in K",-8.802716,-4447.866,70.17548,1.462753e-05,,,,156.15,386.6,"1,1-DIFLUOROETHANE",CC(F)F,Halogenated Derivatives,Halogenated Derivatives,1574
KDB Correlation Equation,"ln(Pvp) = A*ln(T) + B/T + C + D*T^2 where Pvp in kPa, T in K",-12.60254,-12114.3,104.6774,4.330975e-06,,,,300.75,849.0,SULFOLANE,C1CCS(=O)(=O)C1,Sulfur Derivatives,Sulfur Derivatives,1868
KDB Correlation Equation,"ln(Pvp) = A*ln(T) + B/T + C + D*T^2 where Pvp in kPa, T in K",-13.6252,-8167.308,105.5921,1.100143e-05,,,,275.0,410.0,METHYL N-PROPYL KETONE,CCCC(=O)C,Ketones,Ketones,1194
KDB Correlation Equation,"ln(Pvp) = A*ln(T) + B/T + C + D*T^2 where Pvp in kPa, T in K",-11.5542,-7891.52,92.46833,8.023664e-06,,,,173.65,603.0,"1,3-DICHLOROPROPANE",C(CCl)CCl,Halogenated Derivatives,Halogenated Derivatives,1589
KDB Correlation Equation,"ln(Pvp) = A*ln(T) + B/T + C + D*T^2 where Pvp in kPa, T in K",-6.665868,-6530.97,60.47398,3.522382e-06,,,,250.8,620.0,TETRACHLOROETHYLENE,C(=C(Cl)Cl)(Cl)Cl,Halogenated Derivatives,Halogenated Derivatives,1714
KDB Correlation Equation,"ln(Pvp) = A*ln(T) + B/T + C + D*T^2 where Pvp in kPa, T in K",-11.94862,-7931.973,95.43266,8.274244e-06,,,,178.15,549.4,N-PROPYL ACETATE,CCCOC(=O)C,Esters,Esters,1066
KDB Correlation Equation,"ln(Pvp) = A*ln(T) + B/T + C + D*T^2 where Pvp in kPa, T in K",-11.51821,-5412.471,88.0305,1.940627e-05,,,,195.0,280.15,SULFUR DIOXIDE,O=S=O,Inorganics,Inorganics,1936
KDB Correlation Equation,"ln(Pvp) = A*ln(T) + B/T + C + D*T^2 where Pvp in kPa, T in K",-9.319766,-8742.863,80.34427,3.930492e-06,,,,192.25,618.0,N-HEXYL ACETATE,CCCCCCOC(=O)C,Esters,Esters,1107
KDB Correlation Equation,"ln(Pvp) = A*ln(T) + B/T + C + D*T^2 where Pvp in kPa, T in K",-8.742703,-3404.434,67.2038,2.556979e-05,,,,131.35,317.7,FLUOROMETHANE,CF,Halogenated Derivatives,Halogenated Derivatives,1531
KDB Correlation Equation,"ln(Pvp) = A*ln(T) + B/T + C + D*T^2 where Pvp in kPa, T in K",-13.24588,-8057.739,103.0526,1.084525e-05,,,,182.0,554.0,VALERALDEHYDE,CCCCC=O,Aldehydes,Aldehydes,1236
KDB Correlation Equation,"ln(Pvp) = A*ln(T) + B/T + C + D*T^2 where Pvp in kPa, T in K",-16.741,-7993.007,123.7491,1.78146e-05,,,,208.15,508.46,ISOBUTYRALDEHYDE,CC(C)C=O,Aldehydes,Aldehydes,1235
KDB Correlation Equation,"ln(Pvp) = A*ln(T) + B/T + C + D*T^2 where Pvp in kPa, T in K",-12.00557,-7857.16,95.47128,8.724613e-06,,,,196.65,571.0,CROTONALDEHYDE,C/C=C/C=O,Aldehydes,Aldehydes,1252
KDB Correlation Equation,"ln(Pvp) = A*ln(T) + B/T + C + D*T^2 where Pvp in kPa, T in K",-11.46207,-8360.786,93.51659,9.748398e-06,,,,277.15,386.15,DEUTERIUM OXIDE,[2H]O[2H],Inorganics,Inorganics,1899
KDB Correlation Equation,"ln(Pvp) = A*ln(T) + B/T + C + D*T^2 where Pvp in kPa, T in K",-25.99771,-14768.57,191.425,2.062331e-05,,,,260.15,645.0,ETHYLENE GLYCOL,C(CO)O,Alcohols,Alcohols,909
KDB Correlation Equation,"ln(Pvp) = A*ln(T) + B/T + C + D*T^2 where Pvp in kPa, T in K",-7.466241,-8179.517,67.87778,2.428505e-06,,,,247.15,695.0,BENZALDEHYDE,C1=CC=C(C=C1)C=O,Aldehydes,Aldehydes,1245
KDB Correlation Equation,"ln(Pvp) = A*ln(T) + B/T + C + D*T^2 where Pvp in kPa, T in K",4.200405,-52.56658,-5.200397,-0.000696717,,,,14.0,32.62,HYDROGEN,[HH],Inorganics,Inorganics,1912
KDB Correlation Equation,"ln(Pvp) = A*ln(T) + B/T + C + D*T^2 where Pvp in kPa, T in K",-5.668951,-7357.286,56.18425,2.193179e-06,,,,286.65,615.0,ACRYLIC ACID,C=CC(=O)O,Acids,Acids,972
KDB Correlation Equation,"ln(Pvp) = A*ln(T) + B/T + C + D*T^2 where Pvp in kPa, T in K",-17.14573,-8954.804,128.0532,1.471757e-05,,,,224.95,564.0,METHYL METHACRYLATE,CC(=C)C(=O)OC,Esters,Esters,1171
KDB Correlation Equation,"ln(Pvp) = A*ln(T) + B/T + C + D*T^2 where Pvp in kPa, T in K",-9.684919,-8704.351,82.6165,4.037727e-06,,,,181.15,616.0,N-BUTYL N-BUTYRATE,CCCCOC(=O)CCC,Esters,Esters,1102
KDB Correlation Equation,"ln(Pvp) = A*ln(T) + B/T + C + D*T^2 where Pvp in kPa, T in K",-5.326948,-3731.152,48.49097,9.215928e-06,,,,172.15,380.0,"1,1,1,2-TETRAFLUOROETHANE",C(C(F)(F)F)F,Halogenated Derivatives,Halogenated Derivatives,1562
KDB Correlation Equation,"ln(Pvp) = A*ln(T) + B/T + C + D*T^2 where Pvp in kPa, T in K",-13.36006,-9643.958,106.1975,7.197141e-06,,,,205.25,653.15,P-CYMENE,CC1=CC=C(C=C1)C(C)C,Aromatics,Aromatics,674
KDB Correlation Equation,"ln(Pvp) = A*ln(T) + B/T + C + D*T^2 where Pvp in kPa, T in K",-7.099314,-7168.089,64.47129,3.529983e-06,,,,270.05,618.0,MORPHOLINE,C1COCCN1,Other Nitrogen Derivatives,Other Nitrogen Derivatives,1466
KDB Correlation Equation,"ln(Pvp) = A*ln(T) + B/T + C + D*T^2 where Pvp in kPa, T in K",-7.989942,-8243.052,70.61349,4.35446e-06,,,,203.72,622.0,DI-N-PENTYL ETHER,CCCCCOCCCCC,Ethers,Ethers,1023
KDB Correlation Equation,"ln(Pvp) = A*ln(T) + B/T + C + D*T^2 where Pvp in kPa, T in K",-12.22144,-8074.859,96.78234,8.734739e-06,,,,171.45,566.6,1-OCTENE,CCCCCCC=C,Unsaturated Hydrocarbons,Unsaturated Hydrocarbons,249
KDB Correlation Equation,"ln(Pvp) = A*ln(T) + B/T + C + D*T^2 where Pvp in kPa, T in K",-8.433613,-6281.04,71.10718,6.198413e-06,,,,278.68,562.16,BENZENE,C1=CC=CC=C1,Aromatics,Aromatics,651
KDB Correlation Equation,"ln(Pvp) = A*ln(T) + B/T + C + D*T^2 where Pvp in kPa, T in K",-18.85175,-9838.325,140.0211,1.522361e-05,,,,189.15,571.4,METHYL ISOBUTYL KETONE,CC(C)CC(=O)C,Ketones,Ketones,1199
KDB Correlation Equation,"ln(Pvp) = A*ln(T) + B/T + C + D*T^2 where Pvp in kPa, T in K",-3.870848,-4899.515,41.30282,1.962407e-06,,,,187.65,500.05,DIISOPROPYL ETHER,CC(C)OC(C)C,Ethers,Ethers,1017
KDB Correlation Equation,"ln(Pvp) = A*ln(T) + B/T + C + D*T^2 where Pvp in kPa, T in K",-7.584158,-5389.261,64.40236,7.085543e-06,,,,179.28,511.76,CYCLOPENTANE,C1CCCC1,Naphtenic Hydrocarbons,Naphtenic Hydrocarbons,454
KDB Correlation Equation,"ln(Pvp) = A*ln(T) + B/T + C + D*T^2 where Pvp in kPa, T in K",-7.789791,-4509.829,64.34735,9.816232e-06,,,,87.8,419.59,1-BUTENE,CCC=C,Unsaturated Hydrocarbons,Unsaturated Hydrocarbons,186
KDB Correlation Equation,"ln(Pvp) = A*ln(T) + B/T + C + D*T^2 where Pvp in kPa, T in K",-8.767385,-7928.717,76.03475,3.243333e-06,,,,194.65,599.0,ISOPENTYL ACETATE,CC(C)CCOC(=O)C,Esters,Esters,1094
KDB Correlation Equation,"ln(Pvp) = A*ln(T) + B/T + C + D*T^2 where Pvp in kPa, T in K",-16.68244,-11465.83,129.2881,9.147209e-06,,,,278.91,719.0,NITROBENZENE,C1=CC=C(C=C1)[N+](=O)[O-],Other Nitrogen Derivatives,Other Nitrogen Derivatives,1441
KDB Correlation Equation,"ln(Pvp) = A*ln(T) + B/T + C + D*T^2 where Pvp in kPa, T in K",-19.94905,-10983.99,148.9346,1.348302e-05,,,,229.35,661.0,"1,1,2,2-TETRACHLOROETHANE",C(C(Cl)Cl)(Cl)Cl,Halogenated Derivatives,Halogenated Derivatives,1560
KDB Correlation Equation,"ln(Pvp) = A*ln(T) + B/T + C + D*T^2 where Pvp in kPa, T in K",-8.994987,-6151.93,73.70472,9.440614e-06,,,,189.63,535.0,ACRYLONITRILE,C=CC#N,Nitriles,Nitriles,1401
KDB Correlation Equation,"ln(Pvp) = A*ln(T) + B/T + C + D*T^2 where Pvp in kPa, T in K",-24.3764,-11669.21,176.5984,2.028494e-05,,,,230.15,576.0,ETHYL CARBONATE,CCOC(=O)OCC,Esters,Esters,1070
KDB Correlation Equation,"ln(Pvp) = A*ln(T) + B/T + C + D*T^2 where Pvp in kPa, T in K",-23.3776,-14647.95,176.9627,1.140845e-05,,,,307.93,704.65,P-CRESOL,CC1=CC=C(C=C1)O,Alcohols,Alcohols,869
KDB Correlation Equation,"ln(Pvp) = A*ln(T) + B/T + C + D*T^2 where Pvp in kPa, T in K",-14.12388,-8030.07,108.1461,1.204855e-05,,,,182.56,540.26,N-HEPTANE,CCCCCCC,Paraffinic Hydrocarbons,Paraffinic Hydrocarbons,7
KDB Correlation Equation,"ln(Pvp) = A*ln(T) + B/T + C + D*T^2 where Pvp in kPa, T in K",-10.06059,-7946.229,83.32184,5.939742e-06,,,,247.98,630.37,O-XYLENE,CC1=CC=CC=C1C,Aromatics,Aromatics,654
KDB Correlation Equation,"ln(Pvp) = A*ln(T) + B/T + C + D*T^2 where Pvp in kPa, T in K",-8.858903,-4087.41,69.47419,1.717565e-05,,,,174.0,353.0,CHLOROPENTAFLUOROETHANE,C(C(F)(F)Cl)(F)(F)F,Halogenated Derivatives,Halogenated Derivatives,1535
KDB Correlation Equation,"ln(Pvp) = A*ln(T) + B/T + C + D*T^2 where Pvp in kPa, T in K",-19.58446,-10133.72,145.3647,1.574697e-05,,,,210.15,555.8,DI-N-PROPYLAMINE,CCCNCCC,Amines,Amines,1270
KDB Correlation Equation,"ln(Pvp) = A*ln(T) + B/T + C + D*T^2 where Pvp in kPa, T in K",-15.13726,-7032.304,111.6657,2.081134e-05,,,,222.0,328.0,"2-BROMO-2-CHLORO-1,1,1-TRIFLUOROETHANE",C(C(F)(F)F)(Cl)Br,Halogenated Derivatives,Halogenated Derivatives,1548
KDB Correlation Equation,"ln(Pvp) = A*ln(T) + B/T + C + D*T^2 where Pvp in kPa, T in K",-11.26043,-8229.508,91.24281,7.807999e-06,,,,251.85,583.0,N-HEXYLAMINE,CCCCCCN,Amines,Amines,1269
KDB Correlation Equation,"ln(Pvp) = A*ln(T) + B/T + C + D*T^2 where Pvp in kPa, T in K",-7.860737,-6035.845,67.37703,5.285091e-06,,,,198.92,524.0,"2,3-DIMETHYL-2-BUTENE",CC(=C(C)C)C,Unsaturated Hydrocarbons,Unsaturated Hydrocarbons,212
KDB Correlation Equation,"ln(Pvp) = A*ln(T) + B/T + C + D*T^2 where Pvp in kPa, T in K",-17.37222,-11585.21,134.0873,9.453252e-06,,,,247.57,638.76,N-UNDECANE,CCCCCCCCCCC,Paraffinic Hydrocarbons,Paraffinic Hydrocarbons,11
KDB Correlation Equation,"ln(Pvp) = A*ln(T) + B/T + C + D*T^2 where Pvp in kPa, T in K",-9.76424,-8011.212,81.61951,4.828166e-06,,,,183.76,640.0,ISOPROPYLCYCLOHEXANE,CC(C)C1CCCCC1,Naphtenic Hydrocarbons,Naphtenic Hydrocarbons,560
KDB Correlation Equation,"ln(Pvp) = A*ln(T) + B/T + C + D*T^2 where Pvp in kPa, T in K",-9.585066,-7790.088,80.70984,5.193475e-06,,,,199.65,579.15,N-BUTYL ACETATE,CCCCOC(=O)C,Esters,Esters,1079
KDB Correlation Equation,"ln(Pvp) = A*ln(T) + B/T + C + D*T^2 where Pvp in kPa, T in K",-6.06433,-3417.625,52.05602,1.139443e-05,,,,89.0,364.76,PROPYLENE,CC=C,Unsaturated Hydrocarbons,Unsaturated Hydrocarbons,185
KDB Correlation Equation,"ln(Pvp) = A*ln(T) + B/T + C + D*T^2 where Pvp in kPa, T in K",-9.398567,-5892.273,75.94423,9.189262e-06,,,,145.19,499.98,"2,3-DIMETHYLBUTANE",CC(C)C(C)C,Paraffinic Hydrocarbons,Paraffinic Hydrocarbons,38
KDB Correlation Equation,"ln(Pvp) = A*ln(T) + B/T + C + D*T^2 where Pvp in kPa, T in K",-9.195789,-6172.331,75.22513,8.710104e-06,,,,163.15,544.0,1-BROMOPROPANE,CCCBr,Halogenated Derivatives,Halogenated Derivatives,1592
KDB Correlation Equation,"ln(Pvp) = A*ln(T) + B/T + C + D*T^2 where Pvp in kPa, T in K",-18.60824,-12301.04,143.007,9.770892e-06,,,,249.47,694.15,O-TOLUIDINE,CC1=CC=CC=C1N,Amines,Amines,1297
KDB Correlation Equation,"ln(Pvp) = A*ln(T) + B/T + C + D*T^2 where Pvp in kPa, T in K",-9.70121,-6567.001,79.24135,7.485165e-06,,,,150.05,537.0,1-CHLOROBUTANE,CCCCCl,Halogenated Derivatives,Halogenated Derivatives,1608
KDB Correlation Equation,"ln(Pvp) = A*ln(T) + B/T + C + D*T^2 where Pvp in kPa, T in K",-8.909355,-7870.477,76.24084,3.809785e-06,,,,178.28,639.15,N-PROPYLCYCLOHEXANE,CCCC1CCCCC1,Naphtenic Hydrocarbons,Naphtenic Hydrocarbons,559
KDB Correlation Equation,"ln(Pvp) = A*ln(T) + B/T + C + D*T^2 where Pvp in kPa, T in K",-10.4184,-5778.024,81.9246,1.178208e-05,,,,143.42,469.65,N-PENTANE,CCCCC,Paraffinic Hydrocarbons,Paraffinic Hydrocarbons,5
KDB Correlation Equation,"ln(Pvp) = A*ln(T) + B/T + C + D*T^2 where Pvp in kPa, T in K",-11.19565,-6294.471,87.68304,1.158543e-05,,,,223.35,513.0,"TRANS-1,2-DICHLOROETHYLENE",C(=C/Cl)\Cl,Halogenated Derivatives,Halogenated Derivatives,1724
KDB Correlation Equation,"ln(Pvp) = A*ln(T) + B/T + C + D*T^2 where Pvp in kPa, T in K",-9.372816,-7029.198,79.09415,7.992729e-06,,,,175.47,512.58,METHANOL,CO,Alcohols,Alcohols,817
KDB Correlation Equation,"ln(Pvp) = A*ln(T) + B/T + C + D*T^2 where Pvp in kPa, T in K",-5.429186,-6327.345,52.42201,2.475068e-06,,,,227.95,632.35,CHLOROBENZENE,C1=CC=C(C=C1)Cl,Halogenated Derivatives,Halogenated Derivatives,1684
KDB Correlation Equation,"ln(Pvp) = A*ln(T) + B/T + C + D*T^2 where Pvp in kPa, T in K",-13.27033,-8567.285,103.6436,1.047064e-05,,,,288.15,409.15,1-CHLOROHEXANE,CCCCCCCl,Halogenated Derivatives,Halogenated Derivatives,1634
KDB Correlation Equation,"ln(Pvp) = A*ln(T) + B/T + C + D*T^2 where Pvp in kPa, T in K",-8.587812,-3952.001,67.77771,1.734542e-05,,,,161.85,346.25,"1,1,1-TRIFLUOROETHANE",CC(F)(F)F,Halogenated Derivatives,Halogenated Derivatives,1569
KDB Correlation Equation,"ln(Pvp) = A*ln(T) + B/T + C + D*T^2 where Pvp in kPa, T in K",-7.24275,-5706.465,63.40863,5.418409e-06,,,,193.55,508.4,ETHYL FORMATE,CCOC=O,Esters,Esters,1055
KDB Correlation Equation,"ln(Pvp) = A*ln(T) + B/T + C + D*T^2 where Pvp in kPa, T in K",-3.586434,-5142.974,39.83149,1.342324e-06,,,,188.4,571.0,TRICHLOROETHYLENE,C(=C(Cl)Cl)Cl,Halogenated Derivatives,Halogenated Derivatives,1719
KDB Correlation Equation,"ln(Pvp) = A*ln(T) + B/T + C + D*T^2 where Pvp in kPa, T in K",-8.936875,-7794.544,76.45393,4.408042e-06,,,,255.01,645.0,3-METHYLPYRIDINE,CC1=CN=CC=C1,Amines,Amines,1347
KDB Correlation Equation,"ln(Pvp) = A*ln(T) + B/T + C + D*T^2 where Pvp in kPa, T in K",-7.694051,-7690.896,71.34113,7.656355e-07,,,,185.28,508.31,ISOPROPANOL,CC(C)O,Alcohols,Alcohols,820
KDB Correlation Equation,"ln(Pvp) = A*ln(T) + B/T + C + D*T^2 where Pvp in kPa, T in K",-10.70678,-5675.649,83.3214,1.314212e-05,,,,110.0,464.78,1-PENTENE,CCCC=C,Unsaturated Hydrocarbons,Unsaturated Hydrocarbons,190
KDB Correlation Equation,"ln(Pvp) = A*ln(T) + B/T + C + D*T^2 where Pvp in kPa, T in K",-14.12039,-9753.797,110.936,8.633272e-06,,,,206.89,617.05,1-DECENE,CCCCCCCCC=C,Unsaturated Hydrocarbons,Unsaturated Hydrocarbons,344
KDB Correlation Equation,"ln(Pvp) = A*ln(T) + B/T + C + D*T^2 where Pvp in kPa, T in K",-9.586321,-6362.77,78.58733,8.2537e-06,,,,175.15,506.8,METHYL ACETATE,CC(=O)OC,Esters,Esters,1054
KDB Correlation Equation,"ln(Pvp) = A*ln(T) + B/T + C + D*T^2 where Pvp in kPa, T in K",-27.32603,-16327.39,204.8012,1.224813e-05,,,,257.65,652.5,1-OCTANOL,CCCCCCCCO,Alcohols,Alcohols,841
KDB Correlation Equation,"ln(Pvp) = A*ln(T) + B/T + C + D*T^2 where Pvp in kPa, T in K",-10.43131,-8119.066,86.00578,5.611691e-06,,,,242.54,648.0,STYRENE,C=CC1=CC=CC=C1,Aromatics,Aromatics,718
KDB Correlation Equation,"ln(Pvp) = A*ln(T) + B/T + C + D*T^2 where Pvp in kPa, T in K",-34.11204,-19045.47,251.0003,1.615833e-05,,,,268.15,673.0,1-NONANOL,CCCCCCCCCO,Alcohols,Alcohols,846
KDB Correlation Equation,"ln(Pvp) = A*ln(T) + B/T + C + D*T^2 where Pvp in kPa, T in K",-7.237728,-7830.401,65.94972,3.552026e-06,,,,236.65,657.0,FURFURAL,C1=COC(=C1)C=O,Aldehydes,Aldehydes,1253
KDB Correlation Equation,"ln(Pvp) = A*ln(T) + B/T + C + D*T^2 where Pvp in kPa, T in K",-3.63909,-7059.853,42.00323,4.988823e-07,,,,275.6,687.15,"N,N-DIMETHYLANILINE",CN(C)C1=CC=CC=C1,Amines,Amines,1305
KDB Correlation Equation,"ln(Pvp) = A*ln(T) + B/T + C + D*T^2 where Pvp in kPa, T in K",-4.059946,-5858.766,44.0515,8.805819e-07,,,,181.25,559.0,N-BUTYL FORMATE,CCCCOC=O,Esters,Esters,1068
KDB Correlation Equation,"ln(Pvp) = A*ln(T) + B/T + C + D*T^2 where Pvp in kPa, T in K",-22.08294,-11950.07,165.5996,1.244638e-05,,,,264.35,545.15,2-METHYL-2-BUTANOL,CCC(C)(C)O,Alcohols,Alcohols,830
KDB Correlation Equation,"ln(Pvp) = A*ln(T) + B/T + C + D*T^2 where Pvp in kPa, T in K",-24.03761,-7062.404,166.3861,3.368548e-05,,,,154.15,304.15,CARBON DIOXIDE,C(=O)=O,Inorganics,Inorganics,1943
KDB Correlation Equation,"ln(Pvp) = A*ln(T) + B/T + C + D*T^2 where Pvp in kPa, T in K",-11.04866,-12108.39,95.37108,2.676118e-06,,,,277.51,722.0,1-HEXADECENE,CCCCCCCCCCCCCCC=C,Unsaturated Hydrocarbons,Unsaturated Hydrocarbons,351
KDB Correlation Equation,"ln(Pvp) = A*ln(T) + B/T + C + D*T^2 where Pvp in kPa, T in K",-3.238676,-1024.471,30.47255,4.649743e-05,,,,81.15,149.66,ARGON,[Ar],Elements,Elements,1946
KDB Correlation Equation,"ln(Pvp) = A*ln(T) + B/T + C + D*T^2 where Pvp in kPa, T in K",-5.395526,-3383.994,48.1426,9.132115e-06,,,,85.46,369.82,PROPANE,CCC,Paraffinic Hydrocarbons,Paraffinic Hydrocarbons,3
KDB Correlation Equation,"ln(Pvp) = A*ln(T) + B/T + C + D*T^2 where Pvp in kPa, T in K",-12.85938,-8101.475,101.207,9.33835e-06,,,,199.25,546.0,ETHYL PROPIONATE,CCC(=O)OCC,Esters,Esters,1065
KDB Correlation Equation,"ln(Pvp) = A*ln(T) + B/T + C + D*T^2 where Pvp in kPa, T in K",-8.559148,-7605.019,73.48646,5.25288e-06,,,,177.95,594.0,N-PROPYL N-BUTYRATE,CCCC(=O)OCCC,Esters,Esters,1088
KDB Correlation Equation,"ln(Pvp) = A*ln(T) + B/T + C + D*T^2 where Pvp in kPa, T in K",-10.94494,-8512.487,89.57939,6.165323e-06,,,,173.67,638.38,N-PROPYLBENZENE,CCCC1=CC=CC=C1,Aromatics,Aromatics,657
KDB Correlation Equation,"ln(Pvp) = A*ln(T) + B/T + C + D*T^2 where Pvp in kPa, T in K",-8.366344,-8043.798,73.87031,2.817196e-06,,,,183.63,594.0,N-BUTYL PROPIONATE,CCCCOC(=O)CC,Esters,Esters,1091
KDB Correlation Equation,"ln(Pvp) = A*ln(T) + B/T + C + D*T^2 where Pvp in kPa, T in K",-9.416723,-4577.132,73.51351,1.514279e-05,,,,113.54,408.14,ISOBUTANE,CC(C)C,Paraffinic Hydrocarbons,Paraffinic Hydrocarbons,32
KDB Correlation Equation,"ln(Pvp) = A*ln(T) + B/T + C + D*T^2 where Pvp in kPa, T in K",-7.161903,-5394.08,62.33481,5.972901e-06,,,,168.35,480.6,METHYLAL,COCOC,Ethers,Ethers,1048
KDB Correlation Equation,"ln(Pvp) = A*ln(T) + B/T + C + D*T^2 where Pvp in kPa, T in K",-9.910256,-6172.956,79.56411,9.404931e-06,,,,110.25,504.43,3-METHYLPENTANE,CCC(C)CC,Paraffinic Hydrocarbons,Paraffinic Hydrocarbons,36
KDB Correlation Equation,"ln(Pvp) = A*ln(T) + B/T + C + D*T^2 where Pvp in kPa, T in K",-8.811995,-6800.555,73.91364,6.285932e-06,,,,174.15,588.0,1-CHLOROPENTANE,CCCCCCl,Halogenated Derivatives,Halogenated Derivatives,1622
KDB Correlation Equation,"ln(Pvp) = A*ln(T) + B/T + C + D*T^2 where Pvp in kPa, T in K",-6.941942,-6005.575,61.48833,5.629759e-06,,,,215.15,536.15,"1,2-DIMETHOXYETHANE",COCCOC,Ethers,Ethers,1050
KDB Correlation Equation,"ln(Pvp) = A*ln(T) + B/T + C + D*T^2 where Pvp in kPa, T in K",-30.84306,-16097.52,223.5649,2.420669e-05,,,,213.15,626.0,"1,2-PROPYLENE GLYCOL",CC(CO)O,Alcohols,Alcohols,910
KDB Correlation Equation,"ln(Pvp) = A*ln(T) + B/T + C + D*T^2 where Pvp in kPa, T in K",-9.837313,-6862.428,80.94979,7.276407e-06,,,,189.6,523.3,ETHYL ACETATE,CCOC(=O)C,Esters,Esters,1059
KDB Correlation Equation,"ln(Pvp) = A*ln(T) + B/T + C + D*T^2 where Pvp in kPa, T in K",-5.83992,-2875.888,49.89163,1.682968e-05,,,,146.15,313.15,HYDROGEN CHLORIDE,Cl,Inorganics,Inorganics,1905
KDB Correlation Equation,"ln(Pvp) = A*ln(T) + B/T + C + D*T^2 where Pvp in kPa, T in K",-9.399919,-5867.524,76.16501,8.626991e-06,,,,235.0,507.0,TERT-BUTYL CHLORIDE,CC(C)(C)Cl,Halogenated Derivatives,Halogenated Derivatives,1610
KDB Correlation Equation,"ln(Pvp) = A*ln(T) + B/T + C + D*T^2 where Pvp in kPa, T in K",-37.83594,-22869.33,279.2608,1.593556e-05,,,,290.76,748.0,1-OCTADECENE,CCCCCCCCCCCCCCCCC=C,Unsaturated Hydrocarbons,Unsaturated Hydrocarbons,353
KDB Correlation Equation,"ln(Pvp) = A*ln(T) + B/T + C + D*T^2 where Pvp in kPa, T in K",-31.6474,-18814.83,235.419,1.367407e-05,,,,280.05,690.0,1-DECANOL,CCCCCCCCCCO,Alcohols,Alcohols,849
KDB Correlation Equation,"ln(Pvp) = A*ln(T) + B/T + C + D*T^2 where Pvp in kPa, T in K",-12.79601,-7558.586,99.38191,1.121626e-05,,,,149.95,530.6,DI-N-PROPYL ETHER,CCCOCCC,Ethers,Ethers,1016
KDB Correlation Equation,"ln(Pvp) = A*ln(T) + B/T + C + D*T^2 where Pvp in kPa, T in K",-9.842024,-5004.019,76.98131,1.422787e-05,,,,217.0,414.96,"1,1-DICHLOROTETRAFLUOROETHANE",C(C(F)(Cl)Cl)(F)(F)F,Halogenated Derivatives,Halogenated Derivatives,1536
KDB Correlation Equation,"ln(Pvp) = A*ln(T) + B/T + C + D*T^2 where Pvp in kPa, T in K",-11.02196,-9375.55,92.30257,8.050602e-06,,,,298.15,414.15,CYCLOPENTANOL,C1CCC(C1)O,Alcohols,Alcohols,897
KDB Correlation Equation,"ln(Pvp) = A*ln(T) + B/T + C + D*T^2 where Pvp in kPa, T in K",-7.729326,-4987.027,64.51402,8.654219e-06,,,,113.25,460.43,ISOPENTANE,CCC(C)C,Paraffinic Hydrocarbons,Paraffinic Hydrocarbons,33
KDB Correlation Equation,"ln(Pvp) = A*ln(T) + B/T + C + D*T^2 where Pvp in kPa, T in K",-8.044069,-10467.3,73.349,2.072641e-06,,,,387.15,870.0,FLUORENE,C1C2=CC=CC=C2C3=CC=CC=C31,Aromatics,Aromatics,780
KDB Correlation Equation,"ln(Pvp) = A*ln(T) + B/T + C + D*T^2 where Pvp in kPa, T in K",-10.26246,-7008.598,83.74115,7.55664e-06,,,,185.65,530.6,METHYL PROPIONATE,CCC(=O)OC,Esters,Esters,1058
KDB Correlation Equation,"ln(Pvp) = A*ln(T) + B/T + C + D*T^2 where Pvp in kPa, T in K",-7.518621,-6127.308,65.12665,5.207042e-06,,,,158.45,535.15,TRIETHYLAMINE,CCN(CC)CC,Amines,Amines,1272
KDB Correlation Equation,"ln(Pvp) = A*ln(T) + B/T + C + D*T^2 where Pvp in kPa, T in K",-12.48509,-9518.041,103.633,3.342489e-06,,,,158.45,536.01,SEC-BUTANOL,CCC(C)O,Alcohols,Alcohols,823
KDB Correlation Equation,"ln(Pvp) = A*ln(T) + B/T + C + D*T^2 where Pvp in kPa, T in K",-9.882614,-9127.496,86.72214,1.42848e-06,,,,183.85,563.0,N-BUTANOL,CCCCO,Alcohols,Alcohols,821
KDB Correlation Equation,"ln(Pvp) = A*ln(T) + B/T + C + D*T^2 where Pvp in kPa, T in K",-13.63252,-10666.42,112.2969,3.265113e-06,,,,161.0,579.45,3-METHYL-1-BUTANOL,CC(C)CCO,Alcohols,Alcohols,829
KDB Correlation Equation,"ln(Pvp) = A*ln(T) + B/T + C + D*T^2 where Pvp in kPa, T in K",-28.82395,-18991.52,216.7686,1.482208e-05,,,,301.15,542.15,DIETHANOLAMINE,C(CO)NCCO,Amines,Amines,1320
KDB Correlation Equation,"ln(Pvp) = A*ln(T) + B/T + C + D*T^2 where Pvp in kPa, T in K",-7.072977,-4094.935,59.4115,1.092121e-05,,,,175.0,416.25,CHLOROMETHANE,CCl,Halogenated Derivatives,Halogenated Derivatives,1530
KDB Correlation Equation,"ln(Pvp) = A*ln(T) + B/T + C + D*T^2 where Pvp in kPa, T in K",-9.200978,-6354.898,75.65058,7.374814e-06,,,,279.69,553.54,CYCLOHEXANE,C1CCCCC1,Naphtenic Hydrocarbons,Naphtenic Hydrocarbons,470
KDB Correlation Equation,"ln(Pvp) = A*ln(T) + B/T + C + D*T^2 where Pvp in kPa, T in K",-8.990761,-7532.846,76.47157,4.843904e-06,,,,206.44,621.0,2-METHYLPYRIDINE,CC1=CC=CC=N1,Amines,Amines,1346
KDB Correlation Equation,"ln(Pvp) = A*ln(T) + B/T + C + D*T^2 where Pvp in kPa, T in K",-6.806107,-6896.682,62.20764,3.058618e-06,,,,197.25,578.0,N-PROPYL PROPIONATE,CCCOC(=O)CC,Esters,Esters,1078
KDB Correlation Equation,"ln(Pvp) = A*ln(T) + B/T + C + D*T^2 where Pvp in kPa, T in K",-29.61931,-14106.2,214.5658,2.126631e-05,,,,165.15,547.73,ISOBUTANOL,CC(C)CO,Alcohols,Alcohols,822
KDB Correlation Equation,"ln(Pvp) = A*ln(T) + B/T + C + D*T^2 where Pvp in kPa, T in K",-14.19551,-9190.935,111.3205,1.012227e-05,,,,284.15,593.0,ETHYLENEDIAMINE,C(CN)N,Amines,Amines,1318
KDB Correlation Equation,"ln(Pvp) = A*ln(T) + B/T + C + D*T^2 where Pvp in kPa, T in K",-8.907666,-7221.386,75.52152,5.304278e-06,,,,231.51,619.95,PYRIDINE,C1=CC=NC=C1,Amines,Amines,1342
KDB Correlation Equation,"ln(Pvp) = A*ln(T) + B/T + C + D*T^2 where Pvp in kPa, T in K",-12.97963,-12913.13,107.3806,4.342996e-06,,,,372.15,869.25,PHENANTHRENE,C1=CC=C2C(=C1)C=CC3=CC=CC=C32,Aromatics,Aromatics,789
KDB Correlation Equation,"ln(Pvp) = A*ln(T) + B/T + C + D*T^2 where Pvp in kPa, T in K",-7.783651,-6160.169,66.97868,6.139268e-06,,,,186.48,535.5,METHYL ETHYL KETONE,CCC(=O)C,Ketones,Ketones,1192
KDB Correlation Equation,"ln(Pvp) = A*ln(T) + B/T + C + D*T^2 where Pvp in kPa, T in K",-4.793276,-3695.179,45.56573,5.946616e-06,,,,131.65,400.1,DIMETHYL ETHER,COC,Ethers,Ethers,996
KDB Correlation Equation,"ln(Pvp) = A*ln(T) + B/T + C + D*T^2 where Pvp in kPa, T in K",-7.670601,-8563.701,68.88815,2.862167e-06,,,,353.43,748.35,NAPHTHALENE,C1=CC=C2C=CC=CC2=C1,Aromatics,Aromatics,752
KDB Correlation Equation,"ln(Pvp) = A*ln(T) + B/T + C + D*T^2 where Pvp in kPa, T in K",-19.38194,-12196.4,149.3463,9.395708e-06,,,,195.56,588.0,N-PENTANOL,CCCCCO,Alcohols,Alcohols,825
KDB Correlation Equation,"ln(Pvp) = A*ln(T) + B/T + C + D*T^2 where Pvp in kPa, T in K",-41.9801,-16724.42,291.9429,3.580832e-05,,,,249.95,602.0,ACETYLACETONE,CC(=O)CC(=O)C,Ketones,Ketones,1193
KDB Correlation Equation,"ln(Pvp) = A*ln(T) + B/T + C + D*T^2 where Pvp in kPa, T in K",-9.415044,-7318.895,78.46476,5.736475e-06,,,,167.39,568.05,"2,2,5-TRIMETHYLHEXANE",CC(C)CCC(C)(C)C,Paraffinic Hydrocarbons,Paraffinic Hydrocarbons,84
KDB Correlation Equation,"ln(Pvp) = A*ln(T) + B/T + C + D*T^2 where Pvp in kPa, T in K",-6.231489,-3015.85,52.34905,1.576911e-05,,,,172.45,293.0,HEXAFLUOROETHANE,C(C(F)(F)F)(F)(F)F,Halogenated Derivatives,Halogenated Derivatives,1547
KDB Correlation Equation,"ln(Pvp) = A*ln(T) + B/T + C + D*T^2 where Pvp in kPa, T in K",-5.564206,-5555.989,52.9073,3.274434e-06,,,,189.15,554.0,OXAZOLE,C1=COC=N1,Other Nitrogen Derivatives,Other Nitrogen Derivatives,1461
KDB Correlation Equation,"ln(Pvp) = A*ln(T) + B/T + C + D*T^2 where Pvp in kPa, T in K",-4.950446,-5187.775,48.54521,2.514044e-06,,,,123.15,526.0,"1,2-EPOXYBUTANE",CCC1CO1,Ethers,Ethers,1046
KDB Correlation Equation,"ln(Pvp) = A*ln(T) + B/T + C + D*T^2 where Pvp in kPa, T in K",-7.568182,-6296.761,65.83846,5.036132e-06,,,,169.2,557.15,DIETHYL SULFIDE,CCSCC,Sulfur Derivatives,Sulfur Derivatives,1825
KDB Correlation Equation,"ln(Pvp) = A*ln(T) + B/T + C + D*T^2 where Pvp in kPa, T in K",-16.87047,-5112.309,117.2438,4.089542e-05,,,,139.15,340.15,HYDROGEN SULFIDE,S,Inorganics,Inorganics,1917
KDB Correlation Equation,"ln(Pvp) = A*ln(T) + B/T + C + D*T^2 where Pvp in kPa, T in K",-11.00095,-9585.311,91.39222,4.809331e-06,,,,237.4,720.15,"1,2,3,4-TETRAHYDRONAPHTHALENE",C1CCC2=CC=CC=C2C1,Aromatics,Aromatics,759
KDB Correlation Equation,"ln(Pvp) = A*ln(T) + B/T + C + D*T^2 where Pvp in kPa, T in K",-6.493537,-6319.427,59.34022,3.503128e-06,,,,262.65,594.05,PIPERIDINE,C1CCNCC1,Amines,Amines,1345
KDB Correlation Equation,"ln(Pvp) = A*ln(T) + B/T + C + D*T^2 where Pvp in kPa, T in K",-13.99935,-7284.572,105.9605,1.410325e-05,,,,177.84,507.43,N-HEXANE,CCCCCC,Paraffinic Hydrocarbons,Paraffinic Hydrocarbons,6
KDB Correlation Equation,"ln(Pvp) = A*ln(T) + B/T + C + D*T^2 where Pvp in kPa, T in K",-11.62498,-5425.361,88.69635,1.661942e-05,,,,232.96,388.37,OCTAFLUOROCYCLOBUTANE,C1(C(C(C1(F)F)(F)F)(F)F)(F)F,Halogenated Derivatives,Halogenated Derivatives,1743
KDB Correlation Equation,"ln(Pvp) = A*ln(T) + B/T + C + D*T^2 where Pvp in kPa, T in K",-16.59998,-11028.86,130.7086,7.568646e-06,,,,200.0,552.0,2-PENTANOL,CCCC(C)O,Alcohols,Alcohols,826
KDB Correlation Equation,"ln(Pvp) = A*ln(T) + B/T + C + D*T^2 where Pvp in kPa, T in K",-10.29988,-6661.172,82.08645,9.868223e-06,,,,287.15,559.69,1-HEPTYNE,CCCCCC#C,Unsaturated Hydrocarbons,Unsaturated Hydrocarbons,414
KDB Correlation Equation,"ln(Pvp) = A*ln(T) + B/T + C + D*T^2 where Pvp in kPa, T in K",-5.381564,-2626.728,46.39131,1.601858e-05,,,,90.35,305.42,ETHANE,CC,Paraffinic Hydrocarbons,Paraffinic Hydrocarbons,2
KDB Correlation Equation,"ln(Pvp) = A*ln(T) + B/T + C + D*T^2 where Pvp in kPa, T in K",-10.38248,-6904.904,83.96795,8.36813e-06,,,,237.49,561.0,"1,2-DICHLOROETHANE",C(CCl)Cl,Halogenated Derivatives,Halogenated Derivatives,1573
KDB Correlation Equation,"ln(Pvp) = A*ln(T) + B/T + C + D*T^2 where Pvp in kPa, T in K",-21.35425,-13360.48,162.291,1.316681e-05,,,,283.65,638.0,MONOETHANOLAMINE,C(CO)N,Amines,Amines,1317
KDB Correlation Equation,"ln(Pvp) = A*ln(T) + B/T + C + D*T^2 where Pvp in kPa, T in K",-8.79548,-6918.798,74.1358,5.754912e-06,,,,178.18,591.79,TOLUENE,CC1=CC=CC=C1,Aromatics,Aromatics,652
KDB Correlation Equation,"ln(Pvp) = A*ln(T) + B/T + C + D*T^2 where Pvp in kPa, T in K",-9.106679,-7556.611,76.86698,5.403634e-06,,,,225.3,617.05,M-XYLENE,CC1=CC(=CC=C1)C,Aromatics,Aromatics,655
KDB Correlation Equation,"ln(Pvp) = A*ln(T) + B/T + C + D*T^2 where Pvp in kPa, T in K",-8.903315,-8375.112,77.77671,4.159661e-06,,,,252.45,604.0,PROPIONIC ACID,CCC(=O)O,Acids,Acids,931
KDB Correlation Equation,"ln(Pvp) = A*ln(T) + B/T + C + D*T^2 where Pvp in kPa, T in K",-10.75996,-5265.28,82.99948,1.496591e-05,,,,179.15,418.85,"1,2-DICHLOROTETRAFLUOROETHANE",C(C(F)(F)Cl)(F)(F)Cl,Halogenated Derivatives,Halogenated Derivatives,1537
KDB Correlation Equation,"ln(Pvp) = A*ln(T) + B/T + C + D*T^2 where Pvp in kPa, T in K",-9.932469,-10727.2,88.19416,8.079896e-07,,,,303.0,711.66,BENZYL ALCOHOL,C1=CC=C(C=C1)CO,Alcohols,Alcohols,870
KDB Correlation Equation,"ln(Pvp) = A*ln(T) + B/T + C + D*T^2 where Pvp in kPa, T in K",-9.980372,-6551.71,80.67349,8.339168e-06,,,,153.91,519.79,"2,4-DIMETHYLPENTANE",CC(C)CC(C)C,Paraffinic Hydrocarbons,Paraffinic Hydrocarbons,44
KDB Correlation Equation,"ln(Pvp) = A*ln(T) + B/T + C + D*T^2 where Pvp in kPa, T in K",-10.05582,-6846.516,81.94729,7.421781e-06,,,,234.94,579.35,THIOPHENE,C1=CSC=C1,Sulfur Derivatives,Sulfur Derivatives,1864
KDB Correlation Equation,"ln(Pvp) = A*ln(T) + B/T + C + D*T^2 where Pvp in kPa, T in K",-5.240792,-6877.546,54.09432,6.033814e-07,,,,144.15,545.05,ALLYL ALCOHOL,C=CCO,Alcohols,Alcohols,895
KDB Correlation Equation,"ln(Pvp) = A*ln(T) + B/T + C + D*T^2 where Pvp in kPa, T in K",-9.92362,-6447.888,80.23414,8.379057e-06,,,,242.75,545.0,"1,1,1-TRICHLOROETHANE",CC(Cl)(Cl)Cl,Halogenated Derivatives,Halogenated Derivatives,1566
KDB Correlation Equation,"ln(Pvp) = A*ln(T) + B/T + C + D*T^2 where Pvp in kPa, T in K",-8.747938,-7720.11,75.09543,4.568127e-06,,,,276.73,646.15,4-METHYLPYRIDINE,CC1=CC=NC=C1,Amines,Amines,1348
KDB Correlation Equation,"ln(Pvp) = A*ln(T) + B/T + C + D*T^2 where Pvp in kPa, T in K",-10.88582,-7041.769,86.74583,8.872766e-06,,,,165.78,543.96,"2,2,4-TRIMETHYLPENTANE",CC(C)CC(C)(C)C,Paraffinic Hydrocarbons,Paraffinic Hydrocarbons,60
KDB Correlation Equation,"ln(Pvp) = A*ln(T) + B/T + C + D*T^2 where Pvp in kPa, T in K",-7.608541,-5557.101,64.9173,6.590254e-06,,,,164.55,497.1,METHYL TERT-BUTYL ETHER,CC(C)(C)OC,Ethers,Ethers,1008
KDB Correlation Equation,"ln(Pvp) = A*ln(T) + B/T + C + D*T^2 where Pvp in kPa, T in K",-12.25932,-8004.717,97.37844,8.648401e-06,,,,187.35,554.5,METHYL N-BUTYRATE,CCCC(=O)OC,Esters,Esters,1063
KDB Correlation Equation,"ln(Pvp) = A*ln(T) + B/T + C + D*T^2 where Pvp in kPa, T in K",-21.23081,-13927.0,162.5988,9.680272e-06,,,,285.39,705.85,M-CRESOL,CC1=CC(=CC=C1)O,Alcohols,Alcohols,868
KDB Correlation Equation,"ln(Pvp) = A*ln(T) + B/T + C + D*T^2 where Pvp in kPa, T in K",-5.793208,-6030.95,54.69652,3.200199e-06,,,,220.6,611.0,DIBROMOMETHANE,C(Br)Br,Halogenated Derivatives,Halogenated Derivatives,1524
KDB Correlation Equation,"ln(Pvp) = A*ln(T) + B/T + C + D*T^2 where Pvp in kPa, T in K",-22.11315,-13079.73,166.0812,1.233275e-05,,,,267.13,699.0,ANILINE,C1=CC=C(C=C1)N,Amines,Amines,1292
KDB Correlation Equation,"ln(Pvp) = A*ln(T) + B/T + C + D*T^2 where Pvp in kPa, T in K",-13.14398,-10874.67,108.9321,3.489983e-06,,,,228.55,611.35,1-HEXANOL,CCCCCCO,Alcohols,Alcohols,833
KDB Correlation Equation,"ln(Pvp) = A*ln(T) + B/T + C + D*T^2 where Pvp in kPa, T in K",-3.88171,-4999.618,41.05901,3.515956e-06,,,,229.32,545.5,ACETONITRILE,CC#N,Nitriles,Nitriles,1386
KDB Correlation Equation,"ln(Pvp) = A*ln(T) + B/T + C + D*T^2 where Pvp in kPa, T in K",-7.881614,-4425.491,64.846,1.308724e-05,,,,164.15,408.0,FORMALDEHYDE,C=O,Aldehydes,Aldehydes,1231
KDB Correlation Equation,"ln(Pvp) = A*ln(T) + B/T + C + D*T^2 where Pvp in kPa, T in K",-0.3200939,-6322.242,18.12884,-5.270786e-07,,,,355.65,837.8,DIBENZOFURAN,C1=CC=C2C(=C1)C3=CC=CC=C3O2,Ethers,Ethers,1041
KDB Correlation Equation,"ln(Pvp) = A*ln(T) + B/T + C + D*T^2 where Pvp in kPa, T in K",-3.342945,-10985.11,47.25287,-2.052069e-06,,,,315.15,670.0,"1,6-HEXANEDIOL",C(CCCO)CCO,Alcohols,Alcohols,923
KDB Correlation Equation,"ln(Pvp) = A*ln(T) + B/T + C + D*T^2 where Pvp in kPa, T in K",-10.07089,-6351.14,81.14393,9.127608e-06,,,,209.63,536.4,CHLOROFORM,C(Cl)(Cl)Cl,Halogenated Derivatives,Halogenated Derivatives,1518
KDB Correlation Equation,"ln(Pvp) = A*ln(T) + B/T + C + D*T^2 where Pvp in kPa, T in K",-40.64461,-17873.64,288.0193,2.963966e-05,,,,203.0,565.0,2-METHYL-1-BUTANOL,CCC(C)CO,Alcohols,Alcohols,828
KDB Correlation Equation,"ln(Pvp) = A*ln(T) + B/T + C + D*T^2 where Pvp in kPa, T in K",-1.467521,-8897.103,29.36842,2.126367e-06,,,,265.79,700.0,TRIETHYLENE GLYCOL,C(COCCOCCO)O,Alcohols,Alcohols,926
KDB Correlation Equation,"ln(Pvp) = A*ln(T) + B/T + C + D*T^2 where Pvp in kPa, T in K",-7.145968,-6183.066,63.47983,4.284415e-06,,,,180.25,538.0,N-PROPYL FORMATE,CCCOC=O,Esters,Esters,1060
KDB Correlation Equation,"ln(Pvp) = A*ln(T) + B/T + C + D*T^2 where Pvp in kPa, T in K",-6.9036,-5968.364,61.27329,4.716693e-06,,,,230.94,560.09,FLUOROBENZENE,C1=CC=C(C=C1)F,Halogenated Derivatives,Halogenated Derivatives,1685
KDB Correlation Equation,"ln(Pvp) = A*ln(T) + B/T + C + D*T^2 where Pvp in kPa, T in K",-26.37008,-15627.2,198.0813,1.176802e-05,,,,239.15,631.9,1-HEPTANOL,CCCCCCCO,Alcohols,Alcohols,838
KDB Correlation Equation,"ln(Pvp) = A*ln(T) + B/T + C + D*T^2 where Pvp in kPa, T in K",-21.55018,-11442.22,159.1777,1.499984e-05,,,,212.72,647.0,"N,N-DIMETHYLFORMAMIDE",CN(C)C=O,Amides,Amides,1377
KDB Correlation Equation,"ln(Pvp) = A*ln(T) + B/T + C + D*T^2 where Pvp in kPa, T in K",-8.327399,-7739.415,72.54661,3.894831e-06,,,,219.63,595.65,N-NONANE,CCCCCCCCC,Paraffinic Hydrocarbons,Paraffinic Hydrocarbons,9
KDB Correlation Equation,"ln(Pvp) = A*ln(T) + B/T + C + D*T^2 where Pvp in kPa, T in K",-9.218741,-6915.686,77.12827,6.107802e-06,,,,170.15,531.0,N-BUTYL ETHYL ETHER,CCCCOCC,Ethers,Ethers,1015
KDB Correlation Equation,"ln(Pvp) = A*ln(T) + B/T + C + D*T^2 where Pvp in kPa, T in K",-8.087692,-8648.347,71.92726,3.326232e-06,,,,292.8,705.68,ACETOPHENONE,CC(=O)C1=CC=CC=C1,Ketones,Ketones,1214
KDB Correlation Equation,"ln(Pvp) = A*ln(T) + B/T + C + D*T^2 where Pvp in kPa, T in K",-9.407493,-5608.309,75.92852,8.787756e-06,,,,255.15,483.3,ISOPRENE,CC(=C)C=C,Unsaturated Hydrocarbons,Unsaturated Hydrocarbons,365
KDB Correlation Equation,"ln(Pvp) = A*ln(T) + B/T + C + D*T^2 where Pvp in kPa, T in K",-5.370943,-5933.232,51.94432,2.263684e-06,,,,244.14,565.0,BENZOTRIFLUORIDE,C1=CC=C(C=C1)C(F)(F)F,Halogenated Derivatives,Halogenated Derivatives,1694
KDB Correlation Equation,"ln(Pvp) = A*ln(T) + B/T + C + D*T^2 where Pvp in kPa, T in K",-10.94035,-7126.104,87.29677,8.504101e-06,,,,146.58,572.19,METHYLCYCLOHEXANE,CC1CCCCC1,Naphtenic Hydrocarbons,Naphtenic Hydrocarbons,477
KDB Correlation Equation,"ln(Pvp) = A*ln(T) + B/T + C + D*T^2 where Pvp in kPa, T in K",-9.144312,-7954.075,77.77581,4.661694e-06,,,,235.85,641.0,"1,4-DICHLOROBUTANE",C(CCCl)CCl,Halogenated Derivatives,Halogenated Derivatives,1604
KDB Correlation Equation,"ln(Pvp) = A*ln(T) + B/T + C + D*T^2 where Pvp in kPa, T in K",-43.46419,-14916.12,296.0118,4.72597e-05,,,,306.0,483.38,PERFLUOROMETHYLCYCLOHEXANE,C1(C(C(C(C(C1(F)F)(F)F)(F)F)(F)F)(F)F)(C(F)(F)F)F,Halogenated Derivatives,Halogenated Derivatives,1760
KDB Correlation Equation,"ln(Pvp) = A*ln(T) + B/T + C + D*T^2 where Pvp in kPa, T in K",-43.29744,-15032.29,295.4295,4.55601e-05,,,,176.85,523.1,DIISOPROPYLAMINE,CC(C)NC(C)C,Amines,Amines,1271
KDB Correlation Equation,"ln(Pvp) = A*ln(T) + B/T + C + D*T^2 where Pvp in kPa, T in K",-11.96982,-9902.863,98.79106,6.225594e-06,,,,267.95,628.0,N-BUTYRIC ACID,CCCC(=O)O,Acids,Acids,932
KDB Correlation Equation,"ln(Pvp) = A*ln(T) + B/T + C + D*T^2 where Pvp in kPa, T in K",-6.922293,-4346.626,58.70291,9.152712e-06,,,,134.86,425.18,N-BUTANE,CCCC,Paraffinic Hydrocarbons,Paraffinic Hydrocarbons,4
KDB Correlation Equation,"ln(Pvp) = A*ln(T) + B/T + C + D*T^2 where Pvp in kPa, T in K",-9.814119,-3586.22,73.91707,2.80359e-05,,,,117.97,299.0,TRIFLUOROMETHANE,C(F)(F)F,Halogenated Derivatives,Halogenated Derivatives,1521
KDB Correlation Equation,"ln(Pvp) = A*ln(T) + B/T + C + D*T^2 where Pvp in kPa, T in K",-26.23947,-17409.07,200.6926,1.117027e-05,,,,223.15,621.0,HEXYLENE GLYCOL,CC(CC(C)(C)O)O,Alcohols,Alcohols,924
