ID,Type,Compound_1,Compound_2,Compound_3,T_K,P_kPa,x_1,x_2,y_1,y_2
1,Isobaric,Acetone,Chloroform,Methanol,331.42,101.325,0.229,0.175,0.25,0.211
1,Isobaric,Acetone,Chloroform,Methanol,330.9,101.325,0.257,0.21,0.274,0.219
1,Isobaric,Acetone,Chloroform,Methanol,330.59,101.325,0.26,0.276,0.256,0.294
1,Isobaric,Acetone,Chloroform,Methanol,330.8,101.325,0.262,0.305,0.242,0.327
1,Isobaric,Acetone,Chloroform,Methanol,330.88,101.325,0.269,0.304,0.248,0.326
1,Isobaric,Acetone,Chloroform,Methanol,330.94,101.325,0.271,0.278,0.26,0.301
1,Isobaric,Acetone,Chloroform,Methanol,330.92,101.325,0.272,0.269,0.262,0.292
1,Isobaric,Acetone,Chloroform,Methanol,330.97,101.325,0.278,0.277,0.265,0.299
1,Isobaric,Acetone,Chloroform,Methanol,331.07,101.325,0.279,0.188,0.307,0.204
1,Isobaric,Acetone,Chloroform,Methanol,330.94,101.325,0.279,0.278,0.268,0.299
1,Isobaric,Acetone,Chloroform,Methanol,330.84,101.325,0.279,0.284,0.264,0.304
1,Isobaric,Acetone,Chloroform,Methanol,330.9,101.325,0.281,0.294,0.262,0.311
1,Isobaric,Acetone,Chloroform,Methanol,330.85,101.325,0.282,0.313,0.255,0.324
1,Isobaric,Acetone,Chloroform,Methanol,330.94,101.325,0.292,0.294,0.27,0.304
1,Isobaric,Acetone,Chloroform,Methanol,331.11,101.325,0.292,0.204,0.301,0.223
1,Isobaric,Acetone,Chloroform,Methanol,330.84,101.325,0.296,0.205,0.311,0.227
1,Isobaric,Acetone,Chloroform,Methanol,331,101.325,0.297,0.274,0.286,0.289
1,Isobaric,Acetone,Chloroform,Methanol,331.17,101.325,0.307,0.203,0.324,0.22
1,Isobaric,Acetone,Chloroform,Methanol,331.16,101.325,0.313,0.216,0.319,0.223
1,Isobaric,Acetone,Chloroform,Methanol,331.02,101.325,0.315,0.214,0.326,0.226
1,Isobaric,Acetone,Chloroform,Methanol,331.04,101.325,0.316,0.218,0.321,0.215
1,Isobaric,Acetone,Chloroform,Methanol,331.09,101.325,0.318,0.21,0.328,0.216
1,Isobaric,Acetone,Chloroform,Methanol,330.82,101.325,0.318,0.252,0.318,0.241
1,Isobaric,Acetone,Chloroform,Methanol,330.81,101.325,0.318,0.242,0.318,0.24
1,Isobaric,Acetone,Chloroform,Methanol,330.81,101.325,0.319,0.252,0.314,0.241
1,Isobaric,Acetone,Chloroform,Methanol,331.05,101.325,0.32,0.245,0.318,0.244
1,Isobaric,Acetone,Chloroform,Methanol,331.06,101.325,0.332,0.246,0.327,0.246
1,Isobaric,Acetone,Chloroform,Methanol,331.1,101.325,0.335,0.228,0.337,0.219
1,Isobaric,Acetone,Chloroform,Methanol,331.15,101.325,0.336,0.247,0.328,0.247
1,Isobaric,Acetone,Chloroform,Methanol,331.15,101.325,0.338,0.244,0.331,0.235
1,Isobaric,Acetone,Chloroform,Methanol,331.17,101.325,0.338,0.247,0.329,0.247
1,Isobaric,Acetone,Chloroform,Methanol,331.17,101.325,0.339,0.247,0.33,0.247
1,Isobaric,Acetone,Chloroform,Methanol,331.13,101.325,0.34,0.248,0.33,0.247
1,Isobaric,Acetone,Chloroform,Methanol,330.98,101.325,0.34,0.241,0.333,0.248
1,Isobaric,Acetone,Chloroform,Methanol,331.12,101.325,0.343,0.251,0.336,0.248
1,Isobaric,Acetone,Chloroform,Methanol,331,101.325,0.346,0.241,0.344,0.23
1,Isobaric,Acetone,Chloroform,Methanol,331.03,101.325,0.346,0.222,0.35,0.216
1,Isobaric,Acetone,Chloroform,Methanol,331,101.325,0.353,0.292,0.332,0.264
1,Isobaric,Acetone,Chloroform,Methanol,330.79,101.325,0.356,0.242,0.354,0.23
1,Isobaric,Acetone,Chloroform,Methanol,330.79,101.325,0.36,0.23,0.362,0.226
1,Isobaric,Acetone,Chloroform,Methanol,331.01,101.325,0.361,0.241,0.36,0.24
1,Isobaric,Acetone,Chloroform,Methanol,331.17,101.325,0.367,0.283,0.346,0.266
1,Isobaric,Acetone,Chloroform,Methanol,330.98,101.325,0.371,0.233,0.366,0.221
1,Isobaric,Acetone,Chloroform,Methanol,331,101.325,0.372,0.234,0.372,0.223
1,Isobaric,Acetone,Chloroform,Methanol,331.1,101.325,0.372,0.223,0.375,0.22
1,Isobaric,Acetone,Chloroform,Methanol,331.23,101.325,0.379,0.318,0.351,0.288
1,Isobaric,Acetone,Chloroform,Methanol,330.81,101.325,0.41,0.234,0.408,0.216
1,Isobaric,Acetone,Chloroform,Methanol,331.29,101.325,0.414,0.304,0.391,0.263
1,Isobaric,Acetone,Chloroform,Methanol,331.5,101.325,0.526,0.266,0.52,0.204
1,Isobaric,Acetone,Chloroform,Methanol,330.39,101.325,0.756,0.125,0.769,0.071
1,Isobaric,Acetone,Chloroform,Methanol,330.79,101.325,0.388,0.119,0.438,0.116
1,Isobaric,Acetone,Chloroform,Methanol,330.89,101.325,0.378,0.125,0.428,0.116
1,Isobaric,Acetone,Chloroform,Methanol,335.17,101.325,0.523,0.45,0.555,0.371
1,Isobaric,Acetone,Chloroform,Methanol,334.86,101.325,0.521,0.444,0.546,0.364
1,Isobaric,Acetone,Chloroform,Methanol,330.83,101.325,0.343,0.399,0.294,0.361
1,Isobaric,Acetone,Chloroform,Methanol,330.66,101.325,0.331,0.357,0.291,0.334
1,Isobaric,Acetone,Chloroform,Methanol,331.91,101.325,0.788,0.184,0.846,0.106
1,Isobaric,Acetone,Chloroform,Methanol,331.43,101.325,0.732,0.188,0.761,0.113
1,Isobaric,Acetone,Chloroform,Methanol,332.78,101.325,0.411,0.471,0.368,0.401
1,Isobaric,Acetone,Chloroform,Methanol,332.57,101.325,0.152,0.072,0.222,0.112
1,Isobaric,Acetone,Chloroform,Methanol,332.62,101.325,0.147,0.076,0.215,0.122
1,Isobaric,Acetone,Chloroform,Methanol,330.93,101.325,0.221,0.648,0.145,0.592
1,Isobaric,Acetone,Chloroform,Methanol,331.05,101.325,0.25,0.599,0.173,0.548
1,Isobaric,Acetone,Chloroform,Methanol,331,101.325,0.142,0.17,0.165,0.248
1,Isobaric,Acetone,Chloroform,Methanol,329.65,101.325,0.162,0.293,0.144,0.366
1,Isobaric,Acetone,Chloroform,Methanol,333.49,101.325,0.224,0.732,0.161,0.697
1,Isobaric,Acetone,Chloroform,Methanol,330.81,101.325,0.23,0.62,0.153,0.568
1,Isobaric,Acetone,Chloroform,Methanol,330.46,101.325,0.738,0.133,0.751,0.077
1,Isobaric,Acetone,Chloroform,Methanol,330.03,101.325,0.608,0.109,0.626,0.073
1,Isobaric,Acetone,Chloroform,Methanol,330.11,101.325,0.528,0.1,0.563,0.074
1,Isobaric,Acetone,Chloroform,Methanol,331.89,101.325,0.088,0.142,0.112,0.241
2,Isobaric,Hexane,Benzene,Sulpholane,344.65,101.325,0.0618,0.211,0.7511,0.2488
2,Isobaric,Hexane,Benzene,Sulpholane,346.25,101.325,0.075,0.3263,0.6303,0.3696
2,Isobaric,Hexane,Benzene,Sulpholane,364.35,101.325,0.022,0.248,0.466,0.5339
2,Isobaric,Hexane,Benzene,Sulpholane,354.95,101.325,0.035,0.235,0.617,0.3825
2,Isobaric,Hexane,Benzene,Sulpholane,351.15,101.325,0.045,0.223,0.706,0.2938
2,Isobaric,Hexane,Benzene,Sulpholane,347.75,101.325,0.0485,0.2233,0.6853,0.3146
2,Isobaric,Hexane,Benzene,Sulpholane,347.35,101.325,0.0629,0.3201,0.6232,0.3767
2,Isobaric,Hexane,Benzene,Sulpholane,346.05,101.325,0.1083,0.4464,0.567,0.4329
2,Isobaric,Hexane,Benzene,Sulpholane,345.75,101.325,0.0548,0.1957,0.7373,0.2626
2,Isobaric,Hexane,Benzene,Sulpholane,342.25,101.325,0.0303,0.0091,0.972,0.0279
2,Isobaric,Hexane,Benzene,Sulpholane,342.45,101.325,0.0315,0.0257,0.949,0.0509
2,Isobaric,Hexane,Benzene,Sulpholane,342.65,101.325,0.0287,0.0317,0.9342,0.0657
2,Isobaric,Hexane,Benzene,Sulpholane,343.65,101.325,0.0325,0.0479,0.9009,0.099
2,Isobaric,Hexane,Benzene,Sulpholane,345.15,101.325,0.0397,0.1166,0.83,0.1699
3,Isobaric,Benzene,Heptane,Dimethylformamide,371.4,101.325,0.197,0.117,0.384,0.465
3,Isobaric,Benzene,Heptane,Dimethylformamide,371.8,101.325,0.157,0.153,0.319,0.513
3,Isobaric,Benzene,Heptane,Dimethylformamide,371.9,101.325,0.344,0.046,0.69,0.2
3,Isobaric,Benzene,Heptane,Dimethylformamide,372.25,101.325,0.225,0.092,0.465,0.41
3,Isobaric,Benzene,Heptane,Dimethylformamide,372.3,101.325,0.125,0.137,0.288,0.57
3,Isobaric,Benzene,Heptane,Dimethylformamide,372.4,101.325,0.118,0.132,0.264,0.596
3,Isobaric,Benzene,Heptane,Dimethylformamide,372.5,101.325,0.116,0.129,0.268,0.569
3,Isobaric,Benzene,Heptane,Dimethylformamide,372.75,101.325,0.289,0.06,0.593,0.287
3,Isobaric,Benzene,Heptane,Dimethylformamide,373.2,101.325,0.135,0.112,0.304,0.538
3,Isobaric,Benzene,Heptane,Dimethylformamide,375.8,101.325,0.114,0.096,0.269,0.517
3,Isobaric,Benzene,Heptane,Dimethylformamide,375.85,101.325,0.152,0.078,0.357,0.473
3,Isobaric,Benzene,Heptane,Dimethylformamide,376.05,101.325,0.132,0.09,0.302,0.513
3,Isobaric,Benzene,Heptane,Dimethylformamide,376.25,101.325,0.088,0.102,0.225,0.572
3,Isobaric,Benzene,Heptane,Dimethylformamide,376.85,101.325,0.216,0.055,0.502,0.343
3,Isobaric,Benzene,Heptane,Dimethylformamide,377.1,101.325,0.095,0.085,0.242,0.558
3,Isobaric,Benzene,Heptane,Dimethylformamide,377.15,101.325,0.1,0.095,0.242,0.573
3,Isobaric,Benzene,Heptane,Dimethylformamide,377.2,101.325,0.139,0.071,0.343,0.486
3,Isobaric,Benzene,Heptane,Dimethylformamide,377.25,101.325,0.102,0.088,0.257,0.538
3,Isobaric,Benzene,Heptane,Dimethylformamide,377.3,101.325,0.205,0.059,0.44,0.379
3,Isobaric,Benzene,Heptane,Dimethylformamide,377.55,101.325,0.089,0.084,0.233,0.537
3,Isobaric,Benzene,Heptane,Dimethylformamide,377.6,101.325,0.101,0.085,0.256,0.539
3,Isobaric,Benzene,Heptane,Dimethylformamide,377.75,101.325,0.244,0.035,0.627,0.21
3,Isobaric,Benzene,Heptane,Dimethylformamide,377.75,101.325,0.093,0.083,0.24,0.542
3,Isobaric,Benzene,Heptane,Dimethylformamide,377.9,101.325,0.091,0.089,0.236,0.523
3,Isobaric,Benzene,Heptane,Dimethylformamide,378.45,101.325,0.082,0.079,0.221,0.528
3,Isobaric,Benzene,Heptane,Dimethylformamide,378.6,101.325,0.086,0.085,0.22,0.565
3,Isobaric,Benzene,Heptane,Dimethylformamide,378.75,101.325,0.084,0.087,0.219,0.548
3,Isobaric,Benzene,Heptane,Dimethylformamide,379.6,101.325,0.084,0.071,0.239,0.496
3,Isobaric,Benzene,Heptane,Dimethylformamide,379.75,101.325,0.116,0.082,0.279,0.492
3,Isobaric,Benzene,Heptane,Dimethylformamide,380.2,101.325,0.088,0.066,0.247,0.531
3,Isobaric,Benzene,Heptane,Dimethylformamide,382.1,101.325,0.121,0.065,0.324,0.41
3,Isobaric,Benzene,Heptane,Dimethylformamide,382.15,101.325,0.126,0.062,0.34,0.436
3,Isobaric,Benzene,Heptane,Dimethylformamide,382.45,101.325,0.133,0.056,0.366,0.423
3,Isobaric,Benzene,Heptane,Dimethylformamide,383.35,101.325,0.077,0.062,0.238,0.499
3,Isobaric,Benzene,Heptane,Dimethylformamide,384.55,101.325,0.085,0.058,0.257,0.482
3,Isobaric,Benzene,Heptane,Dimethylformamide,385.9,101.325,0.079,0.051,0.262,0.483
3,Isobaric,Benzene,Heptane,Dimethylformamide,386.1,101.325,0.162,0.032,0.496,0.265
3,Isobaric,Benzene,Heptane,Dimethylformamide,386.35,101.325,0.155,0.043,0.461,0.301
3,Isobaric,Benzene,Heptane,Dimethylformamide,387.35,101.325,0.078,0.046,0.277,0.452
3,Isobaric,Benzene,Heptane,Dimethylformamide,387.95,101.325,0.182,0.023,0.57,0.18
3,Isobaric,Benzene,Heptane,Dimethylformamide,389.2,101.325,0.089,0.041,0.313,0.403
3,Isobaric,Benzene,Heptane,Dimethylformamide,389.35,101.325,0.081,0.047,0.27,0.442
3,Isobaric,Benzene,Heptane,Dimethylformamide,389.85,101.325,0.084,0.038,0.309,0.395
3,Isobaric,Benzene,Heptane,Dimethylformamide,391.3,101.325,0.103,0.03,0.376,0.318
3,Isobaric,Benzene,Heptane,Dimethylformamide,391.8,101.325,0.093,0.032,0.355,0.329
3,Isobaric,Benzene,Heptane,Dimethylformamide,392.1,101.325,0.099,0.029,0.379,0.308
3,Isobaric,Benzene,Heptane,Dimethylformamide,394.1,101.325,0.093,0.027,0.37,0.292
3,Isobaric,Benzene,Heptane,Dimethylformamide,394.35,101.325,0.079,0.032,0.305,0.352
3,Isobaric,Benzene,Heptane,Dimethylformamide,395.35,101.325,0.09,0.033,0.316,0.317
3,Isobaric,Benzene,Heptane,Dimethylformamide,396.2,101.325,0.084,0.026,0.335,0.309
4,Isobaric,Benzene,Heptane,1-Methylpyrrolidin-2-one,364.55,101.325,0.379,0.372,0.55,0.443
4,Isobaric,Benzene,Heptane,1-Methylpyrrolidin-2-one,364.65,101.325,0.487,0.197,0.682,0.31
4,Isobaric,Benzene,Heptane,1-Methylpyrrolidin-2-one,364.7,101.325,0.441,0.25,0.621,0.371
4,Isobaric,Benzene,Heptane,1-Methylpyrrolidin-2-one,364.75,101.325,0.384,0.348,0.555,0.438
4,Isobaric,Benzene,Heptane,1-Methylpyrrolidin-2-one,364.75,101.325,0.335,0.408,0.515,0.479
4,Isobaric,Benzene,Heptane,1-Methylpyrrolidin-2-one,364.9,101.325,0.423,0.319,0.597,0.393
4,Isobaric,Benzene,Heptane,1-Methylpyrrolidin-2-one,364.95,101.325,0.519,0.138,0.729,0.262
4,Isobaric,Benzene,Heptane,1-Methylpyrrolidin-2-one,365.25,101.325,0.314,0.417,0.496,0.496
4,Isobaric,Benzene,Heptane,1-Methylpyrrolidin-2-one,365.9,101.325,0.249,0.507,0.431,0.561
4,Isobaric,Benzene,Heptane,1-Methylpyrrolidin-2-one,365.95,101.325,0.542,0.096,0.775,0.215
4,Isobaric,Benzene,Heptane,1-Methylpyrrolidin-2-one,366.4,101.325,0.221,0.569,0.4,0.593
4,Isobaric,Benzene,Heptane,1-Methylpyrrolidin-2-one,366.45,101.325,0.581,0.057,0.849,0.141
4,Isobaric,Benzene,Heptane,1-Methylpyrrolidin-2-one,367.65,101.325,0.583,0.032,0.889,0.095
4,Isobaric,Benzene,Heptane,1-Methylpyrrolidin-2-one,368.45,101.325,0.556,0.035,0.882,0.105
4,Isobaric,Benzene,Heptane,1-Methylpyrrolidin-2-one,368.8,101.325,0.273,0.294,0.458,0.523
4,Isobaric,Benzene,Heptane,1-Methylpyrrolidin-2-one,369.05,101.325,0.248,0.383,0.415,0.565
4,Isobaric,Benzene,Heptane,1-Methylpyrrolidin-2-one,369.55,101.325,0.548,0.046,0.846,0.135
4,Isobaric,Benzene,Heptane,1-Methylpyrrolidin-2-one,370.5,101.325,0.283,0.221,0.476,0.498
4,Isobaric,Benzene,Heptane,1-Methylpyrrolidin-2-one,371,101.325,0.272,0.218,0.474,0.496
4,Isobaric,Benzene,Heptane,1-Methylpyrrolidin-2-one,372.05,101.325,0.307,0.165,0.518,0.46
4,Isobaric,Benzene,Heptane,1-Methylpyrrolidin-2-one,372.75,101.325,0.302,0.151,0.533,0.435
4,Isobaric,Benzene,Heptane,1-Methylpyrrolidin-2-one,373.85,101.325,0.3,0.132,0.575,0.403
4,Isobaric,Benzene,Heptane,1-Methylpyrrolidin-2-one,374.55,101.325,0.303,0.12,0.561,0.397
4,Isobaric,Benzene,Heptane,1-Methylpyrrolidin-2-one,375.5,101.325,0.301,0.11,0.568,0.398
4,Isobaric,Benzene,Heptane,1-Methylpyrrolidin-2-one,375.95,101.325,0.293,0.107,0.554,0.416
4,Isobaric,Benzene,Heptane,1-Methylpyrrolidin-2-one,376.3,101.325,0.316,0.099,0.6,0.375
4,Isobaric,Benzene,Heptane,1-Methylpyrrolidin-2-one,376.35,101.325,0.306,0.101,0.59,0.385
4,Isobaric,Benzene,Heptane,1-Methylpyrrolidin-2-one,377.9,101.325,0.309,0.093,0.592,0.374
4,Isobaric,Benzene,Heptane,1-Methylpyrrolidin-2-one,378.25,101.325,0.175,0.165,0.372,0.589
4,Isobaric,Benzene,Heptane,1-Methylpyrrolidin-2-one,379.1,101.325,0.281,0.083,0.583,0.368
4,Isobaric,Benzene,Heptane,1-Methylpyrrolidin-2-one,379.75,101.325,0.082,0.176,0.181,0.759
4,Isobaric,Benzene,Heptane,1-Methylpyrrolidin-2-one,380.45,101.325,0.282,0.077,0.605,0.36
4,Isobaric,Benzene,Heptane,1-Methylpyrrolidin-2-one,381.4,101.325,0.277,0.068,0.62,0.347
4,Isobaric,Benzene,Heptane,1-Methylpyrrolidin-2-one,382.35,101.325,0.275,0.066,0.618,0.345
4,Isobaric,Benzene,Heptane,1-Methylpyrrolidin-2-one,383.85,101.325,0.255,0.067,0.598,0.361
4,Isobaric,Benzene,Heptane,1-Methylpyrrolidin-2-one,383.85,101.325,0.187,0.098,0.455,0.48
4,Isobaric,Benzene,Heptane,1-Methylpyrrolidin-2-one,383.95,101.325,0.208,0.087,0.498,0.431
4,Isobaric,Benzene,Heptane,1-Methylpyrrolidin-2-one,384.25,101.325,0.232,0.076,0.556,0.389
4,Isobaric,Benzene,Heptane,1-Methylpyrrolidin-2-one,384.55,101.325,0.252,0.06,0.609,0.34
4,Isobaric,Benzene,Heptane,1-Methylpyrrolidin-2-one,387.6,101.325,0.093,0.117,0.241,0.677
4,Isobaric,Benzene,Heptane,1-Methylpyrrolidin-2-one,387.6,101.325,0.26,0.049,0.655,0.278
4,Isobaric,Benzene,Heptane,1-Methylpyrrolidin-2-one,388.2,101.325,0.111,0.109,0.305,0.636
4,Isobaric,Benzene,Heptane,1-Methylpyrrolidin-2-one,388.5,101.325,0.277,0.035,0.723,0.219
4,Isobaric,Benzene,Heptane,1-Methylpyrrolidin-2-one,388.65,101.325,0.234,0.049,0.617,0.314
4,Isobaric,Benzene,Heptane,1-Methylpyrrolidin-2-one,389.05,101.325,0.305,0.023,0.801,0.15
4,Isobaric,Benzene,Heptane,1-Methylpyrrolidin-2-one,389.5,101.325,0.235,0.043,0.647,0.3
4,Isobaric,Benzene,Heptane,1-Methylpyrrolidin-2-one,391.45,101.325,0.105,0.102,0.312,0.617
4,Isobaric,Benzene,Heptane,1-Methylpyrrolidin-2-one,393.6,101.325,0.145,0.064,0.45,0.481
4,Isobaric,Benzene,Heptane,1-Methylpyrrolidin-2-one,394.85,101.325,0.128,0.061,0.435,0.478
4,Isobaric,Benzene,Heptane,1-Methylpyrrolidin-2-one,395.85,101.325,0.106,0.07,0.368,0.537
4,Isobaric,Benzene,Heptane,1-Methylpyrrolidin-2-one,398.55,101.325,0.11,0.056,0.409,0.479
4,Isobaric,Benzene,Heptane,1-Methylpyrrolidin-2-one,401.55,101.325,0.12,0.044,0.474,0.415
4,Isobaric,Benzene,Heptane,1-Methylpyrrolidin-2-one,402.15,101.325,0.137,0.039,0.53,0.356
4,Isobaric,Benzene,Heptane,1-Methylpyrrolidin-2-one,405.45,101.325,0.148,0.028,0.591,0.283
4,Isobaric,Benzene,Heptane,1-Methylpyrrolidin-2-one,407.7,101.325,0.155,0.018,0.673,0.199
4,Isobaric,Benzene,Heptane,1-Methylpyrrolidin-2-one,409.35,101.325,0.108,0.032,0.488,0.37
5,Isobaric,Benzene,Heptane,Acetonitrile,351.55,101.325,0.907,0.053,0.859,0.046
5,Isobaric,Benzene,Heptane,Acetonitrile,350.45,101.325,0.881,0.051,0.807,0.044
5,Isobaric,Benzene,Heptane,Acetonitrile,348.65,101.325,0.783,0.1,0.686,0.082
5,Isobaric,Benzene,Heptane,Acetonitrile,347.75,101.325,0.679,0.189,0.587,0.14
5,Isobaric,Benzene,Heptane,Acetonitrile,349.45,101.325,0.654,0.259,0.589,0.177
5,Isobaric,Benzene,Heptane,Acetonitrile,346.55,101.325,0.609,0.208,0.498,0.15
5,Isobaric,Benzene,Heptane,Acetonitrile,349.55,101.325,0.531,0.394,0.488,0.224
5,Isobaric,Benzene,Heptane,Acetonitrile,346.25,101.325,0.508,0.319,0.41,0.196
5,Isobaric,Benzene,Heptane,Acetonitrile,347.55,101.325,0.499,0.38,0.428,0.218
5,Isobaric,Benzene,Heptane,Acetonitrile,346.45,101.325,0.478,0.363,0.395,0.214
5,Isobaric,Benzene,Heptane,Acetonitrile,346.35,101.325,0.475,0.359,0.388,0.211
5,Isobaric,Benzene,Heptane,Acetonitrile,344.85,101.325,0.447,0.303,0.339,0.208
6,Isobaric,Acetone,Chloroform,Benzene,351,101.325,0.019,0.061,0.056,0.086
6,Isobaric,Acetone,Chloroform,Benzene,342.73,101.325,0.054,0.522,0.074,0.632
6,Isobaric,Acetone,Chloroform,Benzene,342.42,101.325,0.059,0.535,0.08,0.643
6,Isobaric,Acetone,Chloroform,Benzene,346,101.325,0.063,0.292,0.12,0.364
6,Isobaric,Acetone,Chloroform,Benzene,336.13,101.325,0.067,0.883,0.046,0.929
6,Isobaric,Acetone,Chloroform,Benzene,341.58,101.325,0.071,0.571,0.089,0.672
6,Isobaric,Acetone,Chloroform,Benzene,345.76,101.325,0.075,0.279,0.143,0.343
6,Isobaric,Acetone,Chloroform,Benzene,345.56,101.325,0.075,0.296,0.141,0.364
6,Isobaric,Acetone,Chloroform,Benzene,336.62,101.325,0.083,0.851,0.061,0.904
6,Isobaric,Acetone,Chloroform,Benzene,340.07,101.325,0.092,0.65,0.099,0.74
6,Isobaric,Acetone,Chloroform,Benzene,342.56,101.325,0.095,0.487,0.132,0.569
6,Isobaric,Acetone,Chloroform,Benzene,345.32,101.325,0.096,0.261,0.182,0.312
6,Isobaric,Acetone,Chloroform,Benzene,344.98,101.325,0.101,0.278,0.189,0.329
6,Isobaric,Acetone,Chloroform,Benzene,339.41,101.325,0.106,0.68,0.107,0.761
6,Isobaric,Acetone,Chloroform,Benzene,340.5,101.325,0.11,0.611,0.124,0.694
6,Isobaric,Acetone,Chloroform,Benzene,343.28,101.325,0.111,0.408,0.172,0.475
6,Isobaric,Acetone,Chloroform,Benzene,337.44,101.325,0.118,0.792,0.099,0.846
6,Isobaric,Acetone,Chloroform,Benzene,341.94,101.325,0.124,0.495,0.166,0.564
6,Isobaric,Acetone,Chloroform,Benzene,345.11,101.325,0.13,0.151,0.264,0.169
6,Isobaric,Acetone,Chloroform,Benzene,340.6,101.325,0.145,0.574,0.17,0.642
6,Isobaric,Acetone,Chloroform,Benzene,340.74,101.325,0.164,0.544,0.199,0.6
6,Isobaric,Acetone,Chloroform,Benzene,342.1,101.325,0.164,0.422,0.236,0.466
6,Isobaric,Acetone,Chloroform,Benzene,342.89,101.325,0.167,0.325,0.268,0.355
6,Isobaric,Acetone,Chloroform,Benzene,343.57,101.325,0.172,0.192,0.313,0.202
6,Isobaric,Acetone,Chloroform,Benzene,338.7,101.325,0.18,0.682,0.18,0.721
6,Isobaric,Acetone,Chloroform,Benzene,339.25,101.325,0.191,0.635,0.199,0.685
6,Isobaric,Acetone,Chloroform,Benzene,342.87,101.325,0.194,0.21,0.338,0.218
6,Isobaric,Acetone,Chloroform,Benzene,339.44,101.325,0.2,0.615,0.214,0.662
6,Isobaric,Acetone,Chloroform,Benzene,339.92,101.325,0.203,0.57,0.23,0.608
6,Isobaric,Acetone,Chloroform,Benzene,339.76,101.325,0.221,0.564,0.253,0.599
6,Isobaric,Acetone,Chloroform,Benzene,339.35,101.325,0.226,0.596,0.246,0.632
6,Isobaric,Acetone,Chloroform,Benzene,341.38,101.325,0.235,0.335,0.345,0.339
6,Isobaric,Acetone,Chloroform,Benzene,341.61,101.325,0.241,0.256,0.38,0.25
6,Isobaric,Acetone,Chloroform,Benzene,341.67,101.325,0.251,0.099,0.438,0.09
6,Isobaric,Acetone,Chloroform,Benzene,341.22,101.325,0.265,0.179,0.429,0.165
6,Isobaric,Acetone,Chloroform,Benzene,340.53,101.325,0.274,0.359,0.38,0.352
6,Isobaric,Acetone,Chloroform,Benzene,340.1,101.325,0.276,0.434,0.356,0.435
6,Isobaric,Acetone,Chloroform,Benzene,339.54,101.325,0.293,0.488,0.354,0.489
6,Isobaric,Acetone,Chloroform,Benzene,339.24,101.325,0.302,0.511,0.354,0.51
6,Isobaric,Acetone,Chloroform,Benzene,339.95,101.325,0.313,0.318,0.435,0.295
6,Isobaric,Acetone,Chloroform,Benzene,338.26,101.325,0.339,0.591,0.36,0.59
6,Isobaric,Acetone,Chloroform,Benzene,339.48,101.325,0.342,0.215,0.503,0.184
6,Isobaric,Acetone,Chloroform,Benzene,339.45,101.325,0.343,0.276,0.484,0.243
6,Isobaric,Acetone,Chloroform,Benzene,338.68,101.325,0.377,0.411,0.471,0.375
6,Isobaric,Acetone,Chloroform,Benzene,338.6,101.325,0.384,0.387,0.486,0.347
6,Isobaric,Acetone,Chloroform,Benzene,337.49,101.325,0.44,0.144,0.616,0.105
6,Isobaric,Acetone,Chloroform,Benzene,337.64,101.325,0.448,0.267,0.588,0.211
6,Isobaric,Acetone,Chloroform,Benzene,335.88,101.325,0.578,0.336,0.682,0.255
6,Isobaric,Acetone,Chloroform,Benzene,335.44,101.325,0.608,0.318,0.713,0.232
6,Isobaric,Acetone,Chloroform,Benzene,334.9,101.325,0.642,0.289,0.747,0.203
6,Isobaric,Acetone,Chloroform,Benzene,333.44,101.325,0.684,0.091,0.803,0.052
6,Isobaric,Acetone,Chloroform,Benzene,332.48,101.325,0.768,0.117,0.858,0.066
6,Isobaric,Acetone,Chloroform,Benzene,330.85,101.325,0.878,0.053,0.929,0.026
7,Isobaric,Benzene,Cyclohexane,Hexane,350.6,101.325,0.861,0.066,0.806,0.067
7,Isobaric,Benzene,Cyclohexane,Hexane,349.2,101.325,0.806,0.067,0.732,0.068
7,Isobaric,Benzene,Cyclohexane,Hexane,347.7,101.325,0.732,0.068,0.637,0.07
7,Isobaric,Benzene,Cyclohexane,Hexane,346.3,101.325,0.637,0.07,0.544,0.071
7,Isobaric,Benzene,Cyclohexane,Hexane,345.1,101.325,0.544,0.071,0.461,0.067
7,Isobaric,Benzene,Cyclohexane,Hexane,344.2,101.325,0.461,0.067,0.409,0.052
7,Isobaric,Benzene,Cyclohexane,Hexane,345.3,101.325,0.512,0.11,0.443,0.096
7,Isobaric,Benzene,Cyclohexane,Hexane,344.4,101.325,0.443,0.096,0.395,0.079
7,Isobaric,Benzene,Cyclohexane,Hexane,343.85,101.325,0.395,0.079,0.342,0.064
7,Isobaric,Benzene,Cyclohexane,Hexane,343.4,101.325,0.342,0.064,0.304,0.053
7,Isobaric,Benzene,Cyclohexane,Hexane,343,101.325,0.304,0.053,0.279,0.037
7,Isobaric,Benzene,Cyclohexane,Hexane,342.7,101.325,0.279,0.037,0.25,0.025
7,Isobaric,Benzene,Cyclohexane,Hexane,347.5,101.325,0.157,0.503,0.176,0.414
7,Isobaric,Benzene,Cyclohexane,Hexane,346.45,101.325,0.176,0.414,0.18,0.347
7,Isobaric,Benzene,Cyclohexane,Hexane,345.7,101.325,0.18,0.347,0.183,0.267
7,Isobaric,Benzene,Cyclohexane,Hexane,344.95,101.325,0.183,0.267,0.183,0.214
7,Isobaric,Benzene,Cyclohexane,Hexane,344.25,101.325,0.183,0.214,0.176,0.179
7,Isobaric,Benzene,Cyclohexane,Hexane,343.75,101.325,0.176,0.179,0.171,0.138
7,Isobaric,Benzene,Cyclohexane,Hexane,344.9,101.325,0.078,0.289,0.081,0.231
7,Isobaric,Benzene,Cyclohexane,Hexane,344.2,101.325,0.081,0.231,0.079,0.173
7,Isobaric,Benzene,Cyclohexane,Hexane,343.65,101.325,0.079,0.173,0.077,0.122
7,Isobaric,Benzene,Cyclohexane,Hexane,343.3,101.325,0.077,0.122,0.075,0.097
7,Isobaric,Benzene,Cyclohexane,Hexane,342.95,101.325,0.075,0.097,0.073,0.074
7,Isobaric,Benzene,Cyclohexane,Hexane,342.65,101.325,0.073,0.074,0.07,0.059
7,Isobaric,Benzene,Cyclohexane,Hexane,349.7,101.325,0.024,0.708,0.03,0.635
7,Isobaric,Benzene,Cyclohexane,Hexane,348.65,101.325,0.03,0.635,0.036,0.54
7,Isobaric,Benzene,Cyclohexane,Hexane,347.55,101.325,0.036,0.54,0.041,0.458
7,Isobaric,Benzene,Cyclohexane,Hexane,346.4,101.325,0.041,0.458,0.048,0.363
7,Isobaric,Benzene,Cyclohexane,Hexane,345.5,101.325,0.048,0.363,0.055,0.29
7,Isobaric,Benzene,Cyclohexane,Hexane,344.75,101.325,0.055,0.29,0.057,0.227
7,Isobaric,Benzene,Cyclohexane,Hexane,351.85,101.325,0.081,0.843,0.109,0.786
7,Isobaric,Benzene,Cyclohexane,Hexane,351.15,101.325,0.109,0.786,0.128,0.73
7,Isobaric,Benzene,Cyclohexane,Hexane,350.4,101.325,0.128,0.73,0.152,0.655
7,Isobaric,Benzene,Cyclohexane,Hexane,349.5,101.325,0.152,0.655,0.169,0.579
7,Isobaric,Benzene,Cyclohexane,Hexane,348.45,101.325,0.169,0.579,0.182,0.506
7,Isobaric,Benzene,Cyclohexane,Hexane,347.45,101.325,0.182,0.506,0.195,0.42
7,Isobaric,Benzene,Cyclohexane,Hexane,350.95,101.325,0.315,0.648,0.345,0.605
7,Isobaric,Benzene,Cyclohexane,Hexane,350.5,101.325,0.345,0.605,0.375,0.554
7,Isobaric,Benzene,Cyclohexane,Hexane,350.15,101.325,0.375,0.554,0.397,0.511
7,Isobaric,Benzene,Cyclohexane,Hexane,349.6,101.325,0.397,0.511,0.411,0.457
7,Isobaric,Benzene,Cyclohexane,Hexane,348.95,101.325,0.411,0.475,0.413,0.415
7,Isobaric,Benzene,Cyclohexane,Hexane,348.3,101.325,0.413,0.415,0.404,0.365
7,Isobaric,Benzene,Cyclohexane,Hexane,349.15,101.325,0.425,0.451,0.423,0.408
7,Isobaric,Benzene,Cyclohexane,Hexane,348.5,101.325,0.423,0.408,0.413,0.364
7,Isobaric,Benzene,Cyclohexane,Hexane,347.8,101.325,0.413,0.364,0.398,0.313
7,Isobaric,Benzene,Cyclohexane,Hexane,346.95,101.325,0.398,0.313,0.381,0.27
7,Isobaric,Benzene,Cyclohexane,Hexane,346.1,101.325,0.381,0.27,0.356,0.216
7,Isobaric,Benzene,Cyclohexane,Hexane,345.3,101.325,0.356,0.216,0.33,0.18
7,Isobaric,Benzene,Cyclohexane,Hexane,345.4,101.325,0.254,0.276,0.248,0.22
7,Isobaric,Benzene,Cyclohexane,Hexane,344.7,101.325,0.248,0.22,0.238,0.163
7,Isobaric,Benzene,Cyclohexane,Hexane,344.2,101.325,0.238,0.163,0.227,0.13
7,Isobaric,Benzene,Cyclohexane,Hexane,343.7,101.325,0.277,0.13,0.216,0.1
7,Isobaric,Benzene,Cyclohexane,Hexane,343.25,101.325,0.216,0.1,0.2,0.078
7,Isobaric,Benzene,Cyclohexane,Hexane,342.9,101.325,0.2,0.078,0.19,0.06
7,Isobaric,Benzene,Cyclohexane,Hexane,343.3,101.325,0.12,0.123,0.118,0.091
7,Isobaric,Benzene,Cyclohexane,Hexane,343,101.325,0.118,0.091,0.116,0.064
7,Isobaric,Benzene,Cyclohexane,Hexane,342.75,101.325,0.116,0.064,0.114,0.045
7,Isobaric,Benzene,Cyclohexane,Hexane,342.6,101.325,0.114,0.045,0.111,0.036
7,Isobaric,Benzene,Cyclohexane,Hexane,342.45,101.325,0.111,0.036,0.103,0.026
7,Isobaric,Benzene,Cyclohexane,Hexane,342.3,101.325,0.103,0.026,0.097,0.023
7,Isobaric,Benzene,Cyclohexane,Hexane,349.65,101.325,0.31,0.577,0.336,0.505
7,Isobaric,Benzene,Cyclohexane,Hexane,349,101.325,0.336,0.505,0.345,0.44
7,Isobaric,Benzene,Cyclohexane,Hexane,348.25,101.325,0.345,0.44,0.344,0.386
7,Isobaric,Benzene,Cyclohexane,Hexane,347.45,101.325,0.344,0.386,0.333,0.334
7,Isobaric,Benzene,Cyclohexane,Hexane,346.65,101.325,0.333,0.334,0.318,0.278
7,Isobaric,Benzene,Cyclohexane,Hexane,345.8,101.325,0.318,0.278,0.298,0.224
7,Isobaric,Benzene,Cyclohexane,Hexane,349.65,101.325,0.685,0.237,0.642,0.23
7,Isobaric,Benzene,Cyclohexane,Hexane,348.8,101.325,0.642,0.23,0.591,0.219
7,Isobaric,Benzene,Cyclohexane,Hexane,347.9,101.325,0.591,0.219,0.539,0.2
7,Isobaric,Benzene,Cyclohexane,Hexane,346.85,101.325,0.539,0.2,0.48,0.18
7,Isobaric,Benzene,Cyclohexane,Hexane,345.9,101.325,0.48,0.18,0.431,0.158
7,Isobaric,Benzene,Cyclohexane,Hexane,345.1,101.325,0.431,0.158,0.383,0.13
7,Isobaric,Benzene,Cyclohexane,Hexane,351.9,101.325,0.898,0.08,0.849,0.112
7,Isobaric,Benzene,Cyclohexane,Hexane,351.35,101.325,0.849,0.112,0.81,0.128
7,Isobaric,Benzene,Cyclohexane,Hexane,350.55,101.325,0.81,0.128,0.749,0.138
7,Isobaric,Benzene,Cyclohexane,Hexane,349.35,101.325,0.749,0.138,0.681,0.135
7,Isobaric,Benzene,Cyclohexane,Hexane,348.1,101.325,0.681,0.135,0.61,0.129
7,Isobaric,Benzene,Cyclohexane,Hexane,346.85,101.325,0.61,0.129,0.539,0.115
7,Isobaric,Benzene,Cyclohexane,Hexane,350.65,101.325,0.652,0.332,0.629,0.333
7,Isobaric,Benzene,Cyclohexane,Hexane,350.3,101.325,0.629,0.333,0.6,0.329
7,Isobaric,Benzene,Cyclohexane,Hexane,349.9,101.325,0.6,0.329,0.573,0.32
7,Isobaric,Benzene,Cyclohexane,Hexane,349.3,101.325,0.573,0.32,0.543,0.31
7,Isobaric,Benzene,Cyclohexane,Hexane,348.55,101.325,0.543,0.31,0.511,0.289
7,Isobaric,Benzene,Cyclohexane,Hexane,347.75,101.325,0.511,0.289,0.472,0.258
7,Isobaric,Benzene,Cyclohexane,Hexane,350.7,101.325,0.516,0.474,0.518,0.464
7,Isobaric,Benzene,Cyclohexane,Hexane,350.6,101.325,0.518,0.464,0.519,0.452
7,Isobaric,Benzene,Cyclohexane,Hexane,350.45,101.325,0.519,0.452,0.516,0.439
7,Isobaric,Benzene,Cyclohexane,Hexane,350.15,101.325,0.516,0.439,0.512,0.419
7,Isobaric,Benzene,Cyclohexane,Hexane,349.7,101.325,0.512,0.419,0.505,0.395
7,Isobaric,Benzene,Cyclohexane,Hexane,349.2,101.325,0.505,0.395,0.492,0.366
7,Isobaric,Benzene,Cyclohexane,Hexane,350.5,101.325,0.25,0.674,0.277,0.613
7,Isobaric,Benzene,Cyclohexane,Hexane,349.85,101.325,0.277,0.613,0.299,0.551
7,Isobaric,Benzene,Cyclohexane,Hexane,349.2,101.325,0.299,0.551,0.315,0.482
7,Isobaric,Benzene,Cyclohexane,Hexane,348.3,101.325,0.315,0.482,0.32,0.42
7,Isobaric,Benzene,Cyclohexane,Hexane,347.45,101.325,0.32,0.42,0.316,0.358
7,Isobaric,Benzene,Cyclohexane,Hexane,346.65,101.325,0.316,0.358,0.308,0.301
7,Isobaric,Benzene,Cyclohexane,Hexane,350.05,101.325,0.225,0.657,0.253,0.586
7,Isobaric,Benzene,Cyclohexane,Hexane,349.3,101.325,0.253,0.586,0.272,0.514
7,Isobaric,Benzene,Cyclohexane,Hexane,346.5,101.325,0.272,0.514,0.284,0.446
7,Isobaric,Benzene,Cyclohexane,Hexane,347.6,101.325,0.284,0.446,0.289,0.38
7,Isobaric,Benzene,Cyclohexane,Hexane,346.7,101.325,0.289,0.38,0.284,0.313
7,Isobaric,Benzene,Cyclohexane,Hexane,345.8,101.325,0.284,0.313,0.273,0.246
7,Isobaric,Benzene,Cyclohexane,Hexane,350,101.325,0.093,0.712,0.112,0.63
7,Isobaric,Benzene,Cyclohexane,Hexane,348,101.325,0.112,0.63,0.129,0.545
7,Isobaric,Benzene,Cyclohexane,Hexane,348,101.325,0.129,0.545,0.139,0.469
7,Isobaric,Benzene,Cyclohexane,Hexane,347,101.325,0.139,0.469,0.15,0.38
7,Isobaric,Benzene,Cyclohexane,Hexane,346.05,101.325,0.15,0.38,0.153,0.307
7,Isobaric,Benzene,Cyclohexane,Hexane,345.15,101.325,0.153,0.307,0.156,0.232
8,Isobaric,Acetone,Tetrachloromethane,Benzene,330.55,101.325,0.784,0.136,0.826,0.126
8,Isobaric,Acetone,Tetrachloromethane,Benzene,330.55,101.325,0.815,0.101,0.854,0.094
8,Isobaric,Acetone,Tetrachloromethane,Benzene,330.55,101.325,0.857,0.063,0.886,0.062
8,Isobaric,Acetone,Tetrachloromethane,Benzene,330.65,101.325,0.742,0.177,0.795,0.16
8,Isobaric,Acetone,Tetrachloromethane,Benzene,330.85,101.325,0.713,0.206,0.772,0.182
8,Isobaric,Acetone,Tetrachloromethane,Benzene,331.15,101.325,0.674,0.252,0.748,0.21
8,Isobaric,Acetone,Tetrachloromethane,Benzene,331.45,101.325,0.61,0.317,0.725,0.235
8,Isobaric,Acetone,Tetrachloromethane,Benzene,331.45,101.325,0.631,0.296,0.732,0.228
8,Isobaric,Acetone,Tetrachloromethane,Benzene,331.65,101.325,0.54,0.431,0.682,0.303
8,Isobaric,Acetone,Tetrachloromethane,Benzene,332.15,101.325,0.495,0.481,0.66,0.327
8,Isobaric,Acetone,Tetrachloromethane,Benzene,332.55,101.325,0.624,0.17,0.723,0.156
8,Isobaric,Acetone,Tetrachloromethane,Benzene,332.65,101.325,0.446,0.529,0.61,0.376
8,Isobaric,Acetone,Tetrachloromethane,Benzene,332.65,101.325,0.45,0.523,0.624,0.36
8,Isobaric,Acetone,Tetrachloromethane,Benzene,332.75,101.325,0.485,0.35,0.64,0.266
8,Isobaric,Acetone,Tetrachloromethane,Benzene,333.25,101.325,0.56,0.196,0.674,0.176
8,Isobaric,Acetone,Tetrachloromethane,Benzene,333.75,101.325,0.453,0.332,0.62,0.26
8,Isobaric,Acetone,Tetrachloromethane,Benzene,334.45,101.325,0.307,0.642,0.512,0.458
8,Isobaric,Acetone,Tetrachloromethane,Benzene,334.75,101.325,0.451,0.244,0.604,0.21
8,Isobaric,Acetone,Tetrachloromethane,Benzene,334.75,101.325,0.416,0.306,0.598,0.242
8,Isobaric,Acetone,Tetrachloromethane,Benzene,334.95,101.325,0.292,0.655,0.508,0.46
8,Isobaric,Acetone,Tetrachloromethane,Benzene,335.55,101.325,0.389,0.279,0.572,0.228
8,Isobaric,Acetone,Tetrachloromethane,Benzene,335.95,101.325,0.245,0.698,0.464,0.5
8,Isobaric,Acetone,Tetrachloromethane,Benzene,336.15,101.325,0.47,0.091,0.632,0.083
8,Isobaric,Acetone,Tetrachloromethane,Benzene,336.25,101.325,0.367,0.259,0.55,0.22
8,Isobaric,Acetone,Tetrachloromethane,Benzene,336.25,101.325,0.384,0.237,0.565,0.203
8,Isobaric,Acetone,Tetrachloromethane,Benzene,337.15,101.325,0.285,0.31,0.488,0.264
8,Isobaric,Acetone,Tetrachloromethane,Benzene,337.25,101.325,0.184,0.757,0.407,0.555
8,Isobaric,Acetone,Tetrachloromethane,Benzene,337.35,101.325,0.313,0.244,0.524,0.21
8,Isobaric,Acetone,Tetrachloromethane,Benzene,337.55,101.325,0.274,0.43,0.481,0.337
8,Isobaric,Acetone,Tetrachloromethane,Benzene,338.05,101.325,0.234,0.498,0.441,0.39
8,Isobaric,Acetone,Tetrachloromethane,Benzene,338.25,101.325,0.288,0.236,0.48,0.21
8,Isobaric,Acetone,Tetrachloromethane,Benzene,338.95,101.325,0.141,0.799,0.346,0.614
8,Isobaric,Acetone,Tetrachloromethane,Benzene,341.55,101.325,0.081,0.853,0.248,0.7
8,Isobaric,Acetone,Tetrachloromethane,Benzene,344.15,101.325,0.039,0.894,0.148,0.796
8,Isobaric,Acetone,Tetrachloromethane,Benzene,344.15,101.325,0.081,0.425,0.222,0.406
8,Isobaric,Acetone,Tetrachloromethane,Benzene,344.85,101.325,0.084,0.206,0.21,0.2
8,Isobaric,Acetone,Tetrachloromethane,Benzene,345.45,101.325,0.06,0.391,0.168,0.382
8,Isobaric,Acetone,Tetrachloromethane,Benzene,346.65,101.325,0.052,0.496,0.168,0.466
8,Isobaric,Acetone,Tetrachloromethane,Benzene,346.65,101.325,0.057,0.913,0.21,0.762
8,Isobaric,Acetone,Tetrachloromethane,Benzene,347.25,101.325,0.057,0.179,0.158,0.18
8,Isobaric,Acetone,Tetrachloromethane,Benzene,347.75,101.325,0.033,0.441,0.105,0.432
8,Isobaric,Acetone,Tetrachloromethane,Benzene,347.85,101.325,0.038,0.321,0.11,0.328
8,Isobaric,Acetone,Tetrachloromethane,Benzene,348.15,101.325,0.052,0.314,0.148,0.314
8,Isobaric,Acetone,Tetrachloromethane,Benzene,348.35,101.325,0.036,0.284,0.104,0.29
8,Isobaric,Acetone,Tetrachloromethane,Benzene,348.45,101.325,0.044,0.153,0.122,0.164
8,Isobaric,Acetone,Tetrachloromethane,Benzene,348.45,101.325,0.052,0.263,0.145,0.259
8,Isobaric,Acetone,Tetrachloromethane,Benzene,348.65,101.325,0.031,0.378,0.09,0.394
8,Isobaric,Acetone,Tetrachloromethane,Benzene,348.75,101.325,0.031,0.253,0.091,0.262
8,Isobaric,Acetone,Tetrachloromethane,Benzene,349.25,101.325,0.043,0.21,0.128,0.216
8,Isobaric,Acetone,Tetrachloromethane,Benzene,349.75,101.325,0.039,0.169,0.12,0.182
8,Isobaric,Acetone,Tetrachloromethane,Benzene,349.95,101.325,0.021,0.253,0.065,0.28
8,Isobaric,Acetone,Tetrachloromethane,Benzene,351.45,101.325,0.024,0.023,0.072,0.028
8,Isobaric,Acetone,Tetrachloromethane,Benzene,351.55,101.325,0.018,0.102,0.052,0.125
8,Isobaric,Acetone,Tetrachloromethane,Benzene,352.55,101.325,0.009,0.072,0.028,0.089
8,Isobaric,Acetone,Tetrachloromethane,Benzene,352.55,101.325,0.016,0.017,0.052,0.019
8,Isobaric,Acetone,Tetrachloromethane,Benzene,352.65,101.325,0.006,0.073,0.019,0.09
8,Isobaric,Acetone,Tetrachloromethane,Benzene,352.85,101.325,0.016,0.017,0.052,0.02
9,Isobaric,Ethanol,Benzene,Heptane,337.99,53.329,0.011,0.096,0.303,0.128
9,Isobaric,Ethanol,Benzene,Heptane,331.09,53.329,0.054,0.107,0.461,0.12
9,Isobaric,Ethanol,Benzene,Heptane,327.85,53.329,0.204,0.098,0.513,0.12
9,Isobaric,Ethanol,Benzene,Heptane,327.75,53.329,0.323,0.095,0.529,0.119
9,Isobaric,Ethanol,Benzene,Heptane,327.47,53.329,0.45,0.096,0.538,0.125
9,Isobaric,Ethanol,Benzene,Heptane,327.28,53.329,0.533,0.098,0.534,0.141
9,Isobaric,Ethanol,Benzene,Heptane,327.28,53.329,0.63,0.092,0.548,0.149
9,Isobaric,Ethanol,Benzene,Heptane,327.32,53.329,0.729,0.089,0.569,0.166
9,Isobaric,Ethanol,Benzene,Heptane,328.07,53.329,0.824,0.085,0.619,0.191
9,Isobaric,Ethanol,Benzene,Heptane,334.51,53.329,0.27,0.185,0.322,0.227
9,Isobaric,Ethanol,Benzene,Heptane,329.33,53.329,0.08,0.192,0.432,0.205
9,Isobaric,Ethanol,Benzene,Heptane,327.39,53.329,0.209,0.184,0.477,0.21
9,Isobaric,Ethanol,Benzene,Heptane,326.93,53.329,0.285,0.179,0.488,0.216
9,Isobaric,Ethanol,Benzene,Heptane,326.39,53.329,0.433,0.185,0.491,0.23
9,Isobaric,Ethanol,Benzene,Heptane,326.17,53.329,0.543,0.188,0.501,0.246
9,Isobaric,Ethanol,Benzene,Heptane,326.03,53.329,0.65,0.171,0.513,0.273
9,Isobaric,Ethanol,Benzene,Heptane,326.38,53.329,0.757,0.159,0.543,0.308
9,Isobaric,Ethanol,Benzene,Heptane,332.61,53.329,0.028,0.282,0.303,0.317
9,Isobaric,Ethanol,Benzene,Heptane,327.94,53.329,0.076,0.279,0.413,0.286
9,Isobaric,Ethanol,Benzene,Heptane,327.77,53.329,0.107,0.298,0.414,0.298
9,Isobaric,Ethanol,Benzene,Heptane,325.72,53.329,0.353,0.272,0.439,0.313
9,Isobaric,Ethanol,Benzene,Heptane,325.52,53.329,0.453,0.268,0.471,0.314
9,Isobaric,Ethanol,Benzene,Heptane,325.34,53.329,0.556,0.26,0.479,0.34
9,Isobaric,Ethanol,Benzene,Heptane,325.25,53.329,0.651,0.26,0.483,0.391
9,Isobaric,Ethanol,Benzene,Heptane,331.77,53.329,0.031,0.367,0.293,0.388
9,Isobaric,Ethanol,Benzene,Heptane,327.09,53.329,0.135,0.364,0.397,0.352
9,Isobaric,Ethanol,Benzene,Heptane,325.73,53.329,0.251,0.359,0.435,0.348
9,Isobaric,Ethanol,Benzene,Heptane,325.11,53.329,0.356,0.365,0.438,0.37
9,Isobaric,Ethanol,Benzene,Heptane,324.23,53.329,0.465,0.347,0.441,0.4
9,Isobaric,Ethanol,Benzene,Heptane,324.58,53.329,0.561,0.346,0.425,0.476
9,Isobaric,Ethanol,Benzene,Heptane,329.3,53.329,0.043,0.456,0.306,0.442
9,Isobaric,Ethanol,Benzene,Heptane,326.42,53.329,0.125,0.468,0.379,0.413
9,Isobaric,Ethanol,Benzene,Heptane,325.16,53.329,0.264,0.448,0.411,0.414
9,Isobaric,Ethanol,Benzene,Heptane,324.6,53.329,0.363,0.443,0.412,0.445
9,Isobaric,Ethanol,Benzene,Heptane,324.21,53.329,0.466,0.441,0.429,0.479
9,Isobaric,Ethanol,Benzene,Heptane,329.12,53.329,0.043,0.549,0.274,0.525
9,Isobaric,Ethanol,Benzene,Heptane,325.78,53.329,0.141,0.557,0.362,0.471
9,Isobaric,Ethanol,Benzene,Heptane,324.74,53.329,0.259,0.544,0.384,0.486
9,Isobaric,Ethanol,Benzene,Heptane,324.19,53.329,0.367,0.542,0.398,0.518
9,Isobaric,Ethanol,Benzene,Heptane,328.35,53.329,0.05,0.642,0.269,0.561
9,Isobaric,Ethanol,Benzene,Heptane,325.34,53.329,0.148,0.645,0.352,0.526
9,Isobaric,Ethanol,Benzene,Heptane,324.55,53.329,0.266,0.633,0.38,0.544
9,Isobaric,Ethanol,Benzene,Heptane,327.41,53.329,0.06,0.736,0.273,0.607
9,Isobaric,Ethanol,Benzene,Heptane,325.16,53.329,0.163,0.735,0.35,0.581
9,Isobaric,Ethanol,Benzene,Heptane,327.17,53.329,0.065,0.835,0.264,0.671
9,Isobaric,Ethanol,Benzene,Heptane,328.82,53.329,0.027,0.92,0.157,0.802
9,Isobaric,Ethanol,Benzene,Heptane,330.79,53.329,0.915,0.047,0.733,0.135
9,Isobaric,Ethanol,Benzene,Heptane,344.02,53.329,0.002,0.05,0.165,0.091
9,Isobaric,Ethanol,Benzene,Heptane,325.61,53.329,0.318,0.35,0.448,0.333
9,Isobaric,Ethanol,Benzene,Heptane,326.25,53.329,0.164,0.396,0.413,0.363
10,Isothermal,Hexane,Methanol,Acetone,313.15,68.7,0.0937,0.1062,0.2201,0.1031
10,Isothermal,Hexane,Methanol,Acetone,313.15,71.939,0.1654,0.0978,0.2901,0.0968
10,Isothermal,Hexane,Methanol,Acetone,313.15,73.595,0.2473,0.0882,0.3349,0.0938
10,Isothermal,Hexane,Methanol,Acetone,313.15,74.185,0.3325,0.0782,0.363,0.0938
10,Isothermal,Hexane,Methanol,Acetone,313.15,74.25,0.4126,0.0688,0.3812,0.0961
10,Isothermal,Hexane,Methanol,Acetone,313.15,68.962,0.0839,0.1827,0.2147,0.1623
10,Isothermal,Hexane,Methanol,Acetone,313.15,72.955,0.1633,0.1668,0.2934,0.152
10,Isothermal,Hexane,Methanol,Acetone,313.15,74.685,0.2511,0.1493,0.3398,0.1465
10,Isothermal,Hexane,Methanol,Acetone,313.15,75.215,0.5013,0.0994,0.4014,0.1473
10,Isothermal,Hexane,Methanol,Acetone,313.15,74.735,0.5804,0.0837,0.4154,0.1523
10,Isothermal,Hexane,Methanol,Acetone,313.15,69.54,0.0842,0.2551,0.2268,0.2075
10,Isothermal,Hexane,Methanol,Acetone,313.15,73.831,0.1671,0.232,0.3033,0.1958
10,Isothermal,Hexane,Methanol,Acetone,313.15,75.915,0.328,0.1872,0.3682,0.188
10,Isothermal,Hexane,Methanol,Acetone,313.15,76.035,0.4152,0.1629,0.3881,0.1872
10,Isothermal,Hexane,Methanol,Acetone,313.15,69.96,0.0849,0.3239,0.2415,0.243
10,Isothermal,Hexane,Methanol,Acetone,313.15,75.714,0.2493,0.2657,0.3503,0.2259
10,Isothermal,Hexane,Methanol,Acetone,313.15,76.227,0.3323,0.2363,0.3741,0.224
10,Isothermal,Hexane,Methanol,Acetone,313.15,76.114,0.5018,0.1763,0.4083,0.2241
10,Isothermal,Hexane,Methanol,Acetone,313.15,75.699,0.587,0.1462,0.4242,0.2267
10,Isothermal,Hexane,Methanol,Acetone,313.15,73.634,0.7479,0.0892,0.4561,0.2428
10,Isothermal,Hexane,Methanol,Acetone,313.15,70.156,0.0844,0.3892,0.2556,0.272
10,Isothermal,Hexane,Methanol,Acetone,313.15,74.385,0.1604,0.3569,0.3202,0.2595
10,Isothermal,Hexane,Methanol,Acetone,313.15,75.864,0.2483,0.3196,0.3585,0.2548
10,Isothermal,Hexane,Methanol,Acetone,313.15,76.327,0.4119,0.25,0.3965,0.2544
10,Isothermal,Hexane,Methanol,Acetone,313.15,73.283,0.1714,0.1423,0.2971,0.1339
10,Isothermal,Hexane,Methanol,Acetone,313.15,76.227,0.333,0.3238,0.3881,0.2768
10,Isothermal,Hexane,Methanol,Acetone,313.15,76.003,0.5022,0.2417,0.4177,0.2803
10,Isothermal,Hexane,Methanol,Acetone,313.15,74.929,0.6677,0.1613,0.448,0.2858
10,Isothermal,Hexane,Methanol,Acetone,313.15,71.443,0.8337,0.0807,0.4852,0.3085
10,Isothermal,Hexane,Methanol,Acetone,313.15,70.217,0.0846,0.5139,0.2878,0.321
10,Isothermal,Hexane,Methanol,Acetone,313.15,74.437,0.1666,0.4679,0.3511,0.3049
10,Isothermal,Hexane,Methanol,Acetone,313.15,75.696,0.2515,0.4202,0.3821,0.3016
10,Isothermal,Hexane,Methanol,Acetone,313.15,75.903,0.4185,0.3265,0.413,0.3064
10,Isothermal,Hexane,Methanol,Acetone,313.15,70.993,0.097,0.5846,0.3243,0.3469
10,Isothermal,Hexane,Methanol,Acetone,313.15,75.2,0.2495,0.4859,0.4004,0.3291
10,Isothermal,Hexane,Methanol,Acetone,313.15,75.375,0.3314,0.4328,0.4155,0.3315
10,Isothermal,Hexane,Methanol,Acetone,313.15,74.988,0.4335,0.3279,0.4176,0.3132
10,Isothermal,Hexane,Methanol,Acetone,313.15,74.582,0.5885,0.2664,0.4489,0.3439
10,Isothermal,Hexane,Methanol,Acetone,313.15,73.115,0.7463,0.1642,0.4768,0.3508
10,Isothermal,Hexane,Methanol,Acetone,313.15,69.504,0.085,0.6617,0.3341,0.3811
10,Isothermal,Hexane,Methanol,Acetone,313.15,73.646,0.1701,0.6002,0.3957,0.358
10,Isothermal,Hexane,Methanol,Acetone,313.15,74.625,0.3326,0.4827,0.4328,0.3569
10,Isothermal,Hexane,Methanol,Acetone,313.15,74.497,0.3972,0.4359,0.4392,0.3608
10,Isothermal,Hexane,Methanol,Acetone,313.15,68.76,0.0848,0.7371,0.3637,0.4173
10,Isothermal,Hexane,Methanol,Acetone,313.15,72.698,0.1655,0.6721,0.4217,0.3899
10,Isothermal,Hexane,Methanol,Acetone,313.15,73.443,0.2481,0.6056,0.4443,0.3843
10,Isothermal,Hexane,Methanol,Acetone,313.15,73.139,0.4991,0.4035,0.4648,0.3966
10,Isothermal,Hexane,Methanol,Acetone,313.15,72.782,0.5784,0.3396,0.4718,0.4003
10,Isothermal,Hexane,Methanol,Acetone,313.15,72.311,0.6636,0.2709,0.482,0.4028
10,Isothermal,Hexane,Methanol,Acetone,313.15,66.797,0.0796,0.8155,0.3944,0.4622
10,Isothermal,Hexane,Methanol,Acetone,313.15,71.367,0.1669,0.7381,0.4549,0.4253
10,Isothermal,Hexane,Methanol,Acetone,313.15,72.033,0.2522,0.6626,0.4725,0.4185
10,Isothermal,Hexane,Methanol,Acetone,313.15,72.022,0.3337,0.5903,0.4783,0.4196
10,Isothermal,Hexane,Methanol,Acetone,313.15,71.905,0.4165,0.517,0.481,0.4233
11,Isobaric,Chloroform,Methanol,Benzene,331.79,101.325,0.008,0.815,0.012,0.689
11,Isobaric,Chloroform,Methanol,Benzene,331.25,101.325,0.011,0.733,0.015,0.646
11,Isobaric,Chloroform,Methanol,Benzene,331.05,101.325,0.016,0.618,0.018,0.61
11,Isobaric,Chloroform,Methanol,Benzene,333.97,101.325,0.028,0.919,0.06,0.802
11,Isobaric,Chloroform,Methanol,Benzene,331.66,101.325,0.036,0.8,0.057,0.674
11,Isobaric,Chloroform,Methanol,Benzene,331.18,101.325,0.044,0.452,0.042,0.571
11,Isobaric,Chloroform,Methanol,Benzene,331.9,101.325,0.053,0.824,0.091,0.687
11,Isobaric,Chloroform,Methanol,Benzene,331.03,101.325,0.053,0.702,0.071,0.622
11,Isobaric,Chloroform,Methanol,Benzene,330.92,101.325,0.062,0.564,0.067,0.585
11,Isobaric,Chloroform,Methanol,Benzene,333.12,101.325,0.064,0.886,0.13,0.752
11,Isobaric,Chloroform,Methanol,Benzene,330.89,101.325,0.065,0.598,0.074,0.591
11,Isobaric,Chloroform,Methanol,Benzene,331.02,101.325,0.066,0.484,0.066,0.57
11,Isobaric,Chloroform,Methanol,Benzene,332.73,101.325,0.066,0.181,0.054,0.512
11,Isobaric,Chloroform,Methanol,Benzene,330.87,101.325,0.069,0.632,0.082,0.597
11,Isobaric,Chloroform,Methanol,Benzene,330.83,101.325,0.078,0.581,0.088,0.583
11,Isobaric,Chloroform,Methanol,Benzene,330.86,101.325,0.084,0.537,0.09,0.575
11,Isobaric,Chloroform,Methanol,Benzene,330.77,101.325,0.091,0.584,0.104,0.58
11,Isobaric,Chloroform,Methanol,Benzene,330.75,101.325,0.1,0.671,0.131,0.597
11,Isobaric,Chloroform,Methanol,Benzene,332.68,101.325,0.101,0.176,0.083,0.501
11,Isobaric,Chloroform,Methanol,Benzene,330.77,101.325,0.11,0.521,0.118,0.565
11,Isobaric,Chloroform,Methanol,Benzene,330.64,101.325,0.121,0.563,0.138,0.567
11,Isobaric,Chloroform,Methanol,Benzene,330.47,101.325,0.136,0.612,0.167,0.572
11,Isobaric,Chloroform,Methanol,Benzene,330.44,101.325,0.142,0.639,0.184,0.574
11,Isobaric,Chloroform,Methanol,Benzene,331.36,101.325,0.148,0.299,0.13,0.519
11,Isobaric,Chloroform,Methanol,Benzene,330.38,101.325,0.149,0.67,0.204,0.579
11,Isobaric,Chloroform,Methanol,Benzene,330.38,101.325,0.156,0.701,0.228,0.586
11,Isobaric,Chloroform,Methanol,Benzene,330.57,101.325,0.157,0.494,0.167,0.544
11,Isobaric,Chloroform,Methanol,Benzene,330.42,101.325,0.163,0.734,0.257,0.596
11,Isobaric,Chloroform,Methanol,Benzene,331.05,101.325,0.165,0.343,0.15,0.522
11,Isobaric,Chloroform,Methanol,Benzene,330.55,101.325,0.172,0.764,0.292,0.607
11,Isobaric,Chloroform,Methanol,Benzene,330.28,101.325,0.173,0.582,0.209,0.552
11,Isobaric,Chloroform,Methanol,Benzene,330.72,101.325,0.177,0.794,0.326,0.619
11,Isobaric,Chloroform,Methanol,Benzene,330.4,101.325,0.198,0.466,0.207,0.528
11,Isobaric,Chloroform,Methanol,Benzene,335.08,101.325,0.202,0.087,0.179,0.406
11,Isobaric,Chloroform,Methanol,Benzene,331.04,101.325,0.212,0.305,0.192,0.501
11,Isobaric,Chloroform,Methanol,Benzene,329.9,101.325,0.219,0.576,0.269,0.534
11,Isobaric,Chloroform,Methanol,Benzene,329.64,101.325,0.237,0.609,0.312,0.531
11,Isobaric,Chloroform,Methanol,Benzene,329.53,101.325,0.24,0.691,0.365,0.546
11,Isobaric,Chloroform,Methanol,Benzene,330.11,101.325,0.251,0.449,0.268,0.503
11,Isobaric,Chloroform,Methanol,Benzene,329.62,101.325,0.259,0.546,0.312,0.513
11,Isobaric,Chloroform,Methanol,Benzene,335.42,101.325,0.262,0.068,0.24,0.373
11,Isobaric,Chloroform,Methanol,Benzene,329.3,101.325,0.28,0.575,0.36,0.508
11,Isobaric,Chloroform,Methanol,Benzene,330.15,101.325,0.283,0.373,0.282,0.483
11,Isobaric,Chloroform,Methanol,Benzene,332.48,101.325,0.302,0.136,0.261,0.429
11,Isobaric,Chloroform,Methanol,Benzene,328.99,101.325,0.318,0.547,0.391,0.489
11,Isobaric,Chloroform,Methanol,Benzene,329.49,101.325,0.325,0.431,0.348,0.474
11,Isobaric,Chloroform,Methanol,Benzene,331.57,101.325,0.344,0.171,0.301,0.432
11,Isobaric,Chloroform,Methanol,Benzene,329.63,101.325,0.345,0.389,0.355,0.463
11,Isobaric,Chloroform,Methanol,Benzene,328.94,101.325,0.359,0.47,0.405,0.465
11,Isobaric,Chloroform,Methanol,Benzene,328.68,101.325,0.37,0.481,0.428,0.459
11,Isobaric,Chloroform,Methanol,Benzene,333.35,101.325,0.381,0.092,0.34,0.375
11,Isobaric,Chloroform,Methanol,Benzene,328.16,101.325,0.397,0.507,0.475,0.448
11,Isobaric,Chloroform,Methanol,Benzene,329.02,101.325,0.41,0.382,0.425,0.442
11,Isobaric,Chloroform,Methanol,Benzene,332.68,101.325,0.414,0.098,0.371,0.368
11,Isobaric,Chloroform,Methanol,Benzene,330.34,101.325,0.415,0.223,0.374,0.426
11,Isobaric,Chloroform,Methanol,Benzene,331.93,101.325,0.443,0.115,0.394,0.374
11,Isobaric,Chloroform,Methanol,Benzene,327.6,101.325,0.453,0.489,0.521,0.436
11,Isobaric,Chloroform,Methanol,Benzene,328.56,101.325,0.472,0.357,0.478,0.418
11,Isobaric,Chloroform,Methanol,Benzene,329.19,101.325,0.482,0.279,0.457,0.41
11,Isobaric,Chloroform,Methanol,Benzene,330.71,101.325,0.503,0.144,0.447,0.372
11,Isobaric,Chloroform,Methanol,Benzene,327.32,101.325,0.51,0.437,0.566,0.399
11,Isobaric,Chloroform,Methanol,Benzene,328.74,101.325,0.539,0.267,0.507,0.391
11,Isobaric,Chloroform,Methanol,Benzene,332.85,101.325,0.55,0.07,0.505,0.303
11,Isobaric,Chloroform,Methanol,Benzene,327.82,101.325,0.59,0.3,0.57,0.374
11,Isobaric,Chloroform,Methanol,Benzene,328.97,101.325,0.608,0.188,0.545,0.358
11,Isobaric,Chloroform,Methanol,Benzene,331.86,101.325,0.647,0.069,0.591,0.275
11,Isobaric,Chloroform,Methanol,Benzene,327.73,101.325,0.693,0.219,0.622,0.339
11,Isobaric,Chloroform,Methanol,Benzene,330.79,101.325,0.695,0.079,0.621,0.277
11,Isobaric,Chloroform,Methanol,Benzene,332.64,101.325,0.729,0.043,0.689,0.209
11,Isobaric,Chloroform,Methanol,Benzene,330.41,101.325,0.829,0.055,0.737,0.217
